[2026-05-12 00:23:00,146] INFO Kafka Connect worker initializing ... (org.apache.kafka.connect.cli.AbstractConnectCli:114)
[2026-05-12 00:23:00,155] INFO WorkerInfo values: 
	jvm.args = -Xms256M, -Xmx2G, -XX:+UseG1GC, -XX:MaxGCPauseMillis=20, -XX:InitiatingHeapOccupancyPercent=35, -XX:+ExplicitGCInvokesConcurrent, -XX:MaxInlineLevel=15, -Djava.awt.headless=true, -Dcom.sun.management.jmxremote=true, -Dcom.sun.management.jmxremote.authenticate=false, -Dcom.sun.management.jmxremote.ssl=false, -Dkafka.logs.dir=/opt/homebrew/Cellar/kafka/4.1.1/libexec/bin/../logs, -Dlog4j2.configurationFile=/opt/homebrew/Cellar/kafka/4.1.1/libexec/bin/../config/connect-log4j2.yaml
	jvm.spec = Homebrew, OpenJDK 64-Bit Server VM, 25.0.1, 25.0.1
	jvm.classpath = /opt/homebrew/Cellar/kafka/4.1.1/libexec/bin/../libs/activation-1.1.1.jar:/opt/homebrew/Cellar/kafka/4.1.1/libexec/bin/../libs/aopalliance-repackaged-3.0.6.jar:/opt/homebrew/Cellar/kafka/4.1.1/libexec/bin/../libs/argparse4j-0.7.0.jar:/opt/homebrew/Cellar/kafka/4.1.1/libexec/bin/../libs/caffeine-3.2.0.jar:/opt/homebrew/Cellar/kafka/4.1.1/libexec/bin/../libs/classgraph-4.8.179.jar:/opt/homebrew/Cellar/kafka/4.1.1/libexec/bin/../libs/commons-beanutils-1.11.0.jar:/opt/homebrew/Cellar/kafka/4.1.1/libexec/bin/../libs/commons-collections-3.2.2.jar:/opt/homebrew/Cellar/kafka/4.1.1/libexec/bin/../libs/commons-digester-2.1.jar:/opt/homebrew/Cellar/kafka/4.1.1/libexec/bin/../libs/commons-lang3-3.18.0.jar:/opt/homebrew/Cellar/kafka/4.1.1/libexec/bin/../libs/commons-logging-1.3.5.jar:/opt/homebrew/Cellar/kafka/4.1.1/libexec/bin/../libs/commons-validator-1.9.0.jar:/opt/homebrew/Cellar/kafka/4.1.1/libexec/bin/../libs/connect-api-4.1.1.jar:/opt/homebrew/Cellar/kafka/4.1.1/libexec/bin/../libs/connect-basic-auth-extension-4.1.1.jar:/opt/homebrew/Cellar/kafka/4.1.1/libexec/bin/../libs/connect-json-4.1.1.jar:/opt/homebrew/Cellar/kafka/4.1.1/libexec/bin/../libs/connect-mirror-4.1.1.jar:/opt/homebrew/Cellar/kafka/4.1.1/libexec/bin/../libs/connect-mirror-client-4.1.1.jar:/opt/homebrew/Cellar/kafka/4.1.1/libexec/bin/../libs/connect-runtime-4.1.1.jar:/opt/homebrew/Cellar/kafka/4.1.1/libexec/bin/../libs/connect-transforms-4.1.1.jar:/opt/homebrew/Cellar/kafka/4.1.1/libexec/bin/../libs/hash4j-0.22.0.jar:/opt/homebrew/Cellar/kafka/4.1.1/libexec/bin/../libs/HdrHistogram-2.2.2.jar:/opt/homebrew/Cellar/kafka/4.1.1/libexec/bin/../libs/hk2-api-3.0.6.jar:/opt/homebrew/Cellar/kafka/4.1.1/libexec/bin/../libs/hk2-locator-3.0.6.jar:/opt/homebrew/Cellar/kafka/4.1.1/libexec/bin/../libs/hk2-utils-3.0.6.jar:/opt/homebrew/Cellar/kafka/4.1.1/libexec/bin/../libs/jackson-annotations-2.19.0.jar:/opt/homebrew/Cellar/kafka/4.1.1/libexec/bin/../libs/jackson-core-2.19.0.jar:/opt/homebrew/Cellar/kafka/4.1.1/libexec/bin/../libs/jackson-databind-2.19.0.jar:/opt/homebrew/Cellar/kafka/4.1.1/libexec/bin/../libs/jackson-dataformat-csv-2.19.0.jar:/opt/homebrew/Cellar/kafka/4.1.1/libexec/bin/../libs/jackson-dataformat-yaml-2.19.0.jar:/opt/homebrew/Cellar/kafka/4.1.1/libexec/bin/../libs/jackson-datatype-jdk8-2.19.0.jar:/opt/homebrew/Cellar/kafka/4.1.1/libexec/bin/../libs/jackson-jakarta-rs-base-2.19.0.jar:/opt/homebrew/Cellar/kafka/4.1.1/libexec/bin/../libs/jackson-jakarta-rs-json-provider-2.19.0.jar:/opt/homebrew/Cellar/kafka/4.1.1/libexec/bin/../libs/jackson-module-blackbird-2.19.0.jar:/opt/homebrew/Cellar/kafka/4.1.1/libexec/bin/../libs/jackson-module-jakarta-xmlbind-annotations-2.19.0.jar:/opt/homebrew/Cellar/kafka/4.1.1/libexec/bin/../libs/jakarta.activation-2.0.1.jar:/opt/homebrew/Cellar/kafka/4.1.1/libexec/bin/../libs/jakarta.activation-api-2.1.0.jar:/opt/homebrew/Cellar/kafka/4.1.1/libexec/bin/../libs/jakarta.annotation-api-2.1.1.jar:/opt/homebrew/Cellar/kafka/4.1.1/libexec/bin/../libs/jakarta.inject-api-2.0.1.jar:/opt/homebrew/Cellar/kafka/4.1.1/libexec/bin/../libs/jakarta.servlet-api-6.0.0.jar:/opt/homebrew/Cellar/kafka/4.1.1/libexec/bin/../libs/jakarta.validation-api-3.0.2.jar:/opt/homebrew/Cellar/kafka/4.1.1/libexec/bin/../libs/jakarta.ws.rs-api-3.1.0.jar:/opt/homebrew/Cellar/kafka/4.1.1/libexec/bin/../libs/jakarta.xml.bind-api-3.0.1.jar:/opt/homebrew/Cellar/kafka/4.1.1/libexec/bin/../libs/javassist-3.30.2-GA.jar:/opt/homebrew/Cellar/kafka/4.1.1/libexec/bin/../libs/javax.activation-api-1.2.0.jar:/opt/homebrew/Cellar/kafka/4.1.1/libexec/bin/../libs/javax.annotation-api-1.3.2.jar:/opt/homebrew/Cellar/kafka/4.1.1/libexec/bin/../libs/jaxb-api-2.3.1.jar:/opt/homebrew/Cellar/kafka/4.1.1/libexec/bin/../libs/jersey-client-3.1.10.jar:/opt/homebrew/Cellar/kafka/4.1.1/libexec/bin/../libs/jersey-common-3.1.10.jar:/opt/homebrew/Cellar/kafka/4.1.1/libexec/bin/../libs/jersey-container-servlet-3.1.10.jar:/opt/homebrew/Cellar/kafka/4.1.1/libexec/bin/../libs/jersey-container-servlet-core-3.1.10.jar:/opt/homebrew/Cellar/kafka/4.1.1/libexec/bin/../libs/jersey-hk2-3.1.10.jar:/opt/homebrew/Cellar/kafka/4.1.1/libexec/bin/../libs/jersey-server-3.1.10.jar:/opt/homebrew/Cellar/kafka/4.1.1/libexec/bin/../libs/jetty-alpn-client-12.0.22.jar:/opt/homebrew/Cellar/kafka/4.1.1/libexec/bin/../libs/jetty-client-12.0.22.jar:/opt/homebrew/Cellar/kafka/4.1.1/libexec/bin/../libs/jetty-ee10-servlet-12.0.22.jar:/opt/homebrew/Cellar/kafka/4.1.1/libexec/bin/../libs/jetty-ee10-servlets-12.0.22.jar:/opt/homebrew/Cellar/kafka/4.1.1/libexec/bin/../libs/jetty-http-12.0.22.jar:/opt/homebrew/Cellar/kafka/4.1.1/libexec/bin/../libs/jetty-io-12.0.22.jar:/opt/homebrew/Cellar/kafka/4.1.1/libexec/bin/../libs/jetty-security-12.0.22.jar:/opt/homebrew/Cellar/kafka/4.1.1/libexec/bin/../libs/jetty-server-12.0.22.jar:/opt/homebrew/Cellar/kafka/4.1.1/libexec/bin/../libs/jetty-session-12.0.22.jar:/opt/homebrew/Cellar/kafka/4.1.1/libexec/bin/../libs/jetty-util-12.0.22.jar:/opt/homebrew/Cellar/kafka/4.1.1/libexec/bin/../libs/jline-3.30.4.jar:/opt/homebrew/Cellar/kafka/4.1.1/libexec/bin/../libs/jopt-simple-5.0.4.jar:/opt/homebrew/Cellar/kafka/4.1.1/libexec/bin/../libs/jose4j-0.9.6.jar:/opt/homebrew/Cellar/kafka/4.1.1/libexec/bin/../libs/jspecify-1.0.0.jar:/opt/homebrew/Cellar/kafka/4.1.1/libexec/bin/../libs/kafka_2.13-4.1.1.jar:/opt/homebrew/Cellar/kafka/4.1.1/libexec/bin/../libs/kafka-clients-4.1.1.jar:/opt/homebrew/Cellar/kafka/4.1.1/libexec/bin/../libs/kafka-coordinator-common-4.1.1.jar:/opt/homebrew/Cellar/kafka/4.1.1/libexec/bin/../libs/kafka-group-coordinator-4.1.1.jar:/opt/homebrew/Cellar/kafka/4.1.1/libexec/bin/../libs/kafka-group-coordinator-api-4.1.1.jar:/opt/homebrew/Cellar/kafka/4.1.1/libexec/bin/../libs/kafka-metadata-4.1.1.jar:/opt/homebrew/Cellar/kafka/4.1.1/libexec/bin/../libs/kafka-raft-4.1.1.jar:/opt/homebrew/Cellar/kafka/4.1.1/libexec/bin/../libs/kafka-server-4.1.1.jar:/opt/homebrew/Cellar/kafka/4.1.1/libexec/bin/../libs/kafka-server-common-4.1.1.jar:/opt/homebrew/Cellar/kafka/4.1.1/libexec/bin/../libs/kafka-share-coordinator-4.1.1.jar:/opt/homebrew/Cellar/kafka/4.1.1/libexec/bin/../libs/kafka-shell-4.1.1.jar:/opt/homebrew/Cellar/kafka/4.1.1/libexec/bin/../libs/kafka-storage-4.1.1.jar:/opt/homebrew/Cellar/kafka/4.1.1/libexec/bin/../libs/kafka-storage-api-4.1.1.jar:/opt/homebrew/Cellar/kafka/4.1.1/libexec/bin/../libs/kafka-streams-4.1.1.jar:/opt/homebrew/Cellar/kafka/4.1.1/libexec/bin/../libs/kafka-streams-examples-4.1.1.jar:/opt/homebrew/Cellar/kafka/4.1.1/libexec/bin/../libs/kafka-streams-scala_2.13-4.1.1.jar:/opt/homebrew/Cellar/kafka/4.1.1/libexec/bin/../libs/kafka-streams-test-utils-4.1.1.jar:/opt/homebrew/Cellar/kafka/4.1.1/libexec/bin/../libs/kafka-tools-4.1.1.jar:/opt/homebrew/Cellar/kafka/4.1.1/libexec/bin/../libs/kafka-tools-api-4.1.1.jar:/opt/homebrew/Cellar/kafka/4.1.1/libexec/bin/../libs/kafka-transaction-coordinator-4.1.1.jar:/opt/homebrew/Cellar/kafka/4.1.1/libexec/bin/../libs/log4j-1.2-api-2.24.3.jar:/opt/homebrew/Cellar/kafka/4.1.1/libexec/bin/../libs/log4j-api-2.24.3.jar:/opt/homebrew/Cellar/kafka/4.1.1/libexec/bin/../libs/log4j-core-2.24.3.jar:/opt/homebrew/Cellar/kafka/4.1.1/libexec/bin/../libs/log4j-slf4j-impl-2.24.3.jar:/opt/homebrew/Cellar/kafka/4.1.1/libexec/bin/../libs/lz4-java-1.8.0.jar:/opt/homebrew/Cellar/kafka/4.1.1/libexec/bin/../libs/maven-artifact-3.9.6.jar:/opt/homebrew/Cellar/kafka/4.1.1/libexec/bin/../libs/metrics-core-2.2.0.jar:/opt/homebrew/Cellar/kafka/4.1.1/libexec/bin/../libs/opentelemetry-proto-1.0.0-alpha.jar:/opt/homebrew/Cellar/kafka/4.1.1/libexec/bin/../libs/osgi-resource-locator-1.0.3.jar:/opt/homebrew/Cellar/kafka/4.1.1/libexec/bin/../libs/pcollections-4.0.2.jar:/opt/homebrew/Cellar/kafka/4.1.1/libexec/bin/../libs/plexus-utils-3.5.1.jar:/opt/homebrew/Cellar/kafka/4.1.1/libexec/bin/../libs/protobuf-java-3.25.5.jar:/opt/homebrew/Cellar/kafka/4.1.1/libexec/bin/../libs/re2j-1.8.jar:/opt/homebrew/Cellar/kafka/4.1.1/libexec/bin/../libs/rocksdbjni-9.7.3.jar:/opt/homebrew/Cellar/kafka/4.1.1/libexec/bin/../libs/scala-library-2.13.16.jar:/opt/homebrew/Cellar/kafka/4.1.1/libexec/bin/../libs/scala-logging_2.13-3.9.5.jar:/opt/homebrew/Cellar/kafka/4.1.1/libexec/bin/../libs/scala-reflect-2.13.16.jar:/opt/homebrew/Cellar/kafka/4.1.1/libexec/bin/../libs/slf4j-api-1.7.36.jar:/opt/homebrew/Cellar/kafka/4.1.1/libexec/bin/../libs/snakeyaml-2.4.jar:/opt/homebrew/Cellar/kafka/4.1.1/libexec/bin/../libs/snappy-java-1.1.10.7.jar:/opt/homebrew/Cellar/kafka/4.1.1/libexec/bin/../libs/swagger-annotations-2.2.25.jar:/opt/homebrew/Cellar/kafka/4.1.1/libexec/bin/../libs/trogdor-4.1.1.jar:/opt/homebrew/Cellar/kafka/4.1.1/libexec/bin/../libs/zstd-jni-1.5.6-10.jar
	os.spec = Mac OS X, aarch64, 15.7.5
	os.vcpus = 8
 (org.apache.kafka.connect.runtime.WorkerInfo:72)
[2026-05-12 00:23:00,156] INFO Scanning for plugin classes. This might take a moment ... (org.apache.kafka.connect.cli.AbstractConnectCli:120)
[2026-05-12 00:23:00,177] INFO Loading plugin from: /Users/akibu/kafka-connect-plugins/clickhouse-kafka-connect-v1.3.5 (org.apache.kafka.connect.runtime.isolation.PluginScanner:75)
[2026-05-12 00:23:00,237] INFO Registered loader: PluginClassLoader{pluginLocation=file:/Users/akibu/kafka-connect-plugins/clickhouse-kafka-connect-v1.3.5/} (org.apache.kafka.connect.runtime.isolation.PluginScanner:80)
[2026-05-12 00:23:00,238] INFO Loading plugin from: classpath (org.apache.kafka.connect.runtime.isolation.PluginScanner:75)
[2026-05-12 00:23:00,244] INFO Registered loader: jdk.internal.loader.ClassLoaders$AppClassLoader@14dad5dc (org.apache.kafka.connect.runtime.isolation.PluginScanner:80)
[2026-05-12 00:23:00,250] INFO Scanning plugins with ServiceLoaderScanner took 77 ms (org.apache.kafka.connect.runtime.isolation.PluginScanner:70)
[2026-05-12 00:23:00,250] INFO Loading plugin from: /Users/akibu/kafka-connect-plugins/clickhouse-kafka-connect-v1.3.5 (org.apache.kafka.connect.runtime.isolation.PluginScanner:75)
WARNING: A terminally deprecated method in sun.misc.Unsafe has been called
WARNING: sun.misc.Unsafe::invokeCleaner has been called by nonapi.io.github.classgraph.utils.FileUtils (file:/opt/homebrew/Cellar/kafka/4.1.1/libexec/libs/classgraph-4.8.179.jar)
WARNING: Please consider reporting this to the maintainers of class nonapi.io.github.classgraph.utils.FileUtils
WARNING: sun.misc.Unsafe::invokeCleaner will be removed in a future release
[2026-05-12 00:23:02,825] INFO Registered loader: PluginClassLoader{pluginLocation=file:/Users/akibu/kafka-connect-plugins/clickhouse-kafka-connect-v1.3.5/} (org.apache.kafka.connect.runtime.isolation.PluginScanner:80)
[2026-05-12 00:23:02,826] INFO Loading plugin from: classpath (org.apache.kafka.connect.runtime.isolation.PluginScanner:75)
[2026-05-12 00:23:03,684] INFO Registered loader: jdk.internal.loader.ClassLoaders$AppClassLoader@14dad5dc (org.apache.kafka.connect.runtime.isolation.PluginScanner:80)
[2026-05-12 00:23:03,685] INFO Scanning plugins with ReflectionScanner took 3435 ms (org.apache.kafka.connect.runtime.isolation.PluginScanner:70)
[2026-05-12 00:23:03,686] WARN All plugins have ServiceLoader manifests, consider reconfiguring plugin.discovery=service_load (org.apache.kafka.connect.runtime.isolation.Plugins:110)
[2026-05-12 00:23:03,687] INFO Added plugin 'org.apache.kafka.connect.converters.FloatConverter' (org.apache.kafka.connect.runtime.isolation.DelegatingClassLoader:199)
[2026-05-12 00:23:03,687] INFO Added plugin 'org.apache.kafka.connect.transforms.ReplaceField$Key' (org.apache.kafka.connect.runtime.isolation.DelegatingClassLoader:199)
[2026-05-12 00:23:03,687] INFO Added plugin 'org.apache.kafka.connect.transforms.Filter' (org.apache.kafka.connect.runtime.isolation.DelegatingClassLoader:199)
[2026-05-12 00:23:03,687] INFO Added plugin 'org.apache.kafka.connect.mirror.MirrorSourceConnector' (org.apache.kafka.connect.runtime.isolation.DelegatingClassLoader:199)
[2026-05-12 00:23:03,687] INFO Added plugin 'org.apache.kafka.connect.transforms.InsertField$Value' (org.apache.kafka.connect.runtime.isolation.DelegatingClassLoader:199)
[2026-05-12 00:23:03,688] INFO Added plugin 'org.apache.kafka.connect.transforms.TimestampConverter$Key' (org.apache.kafka.connect.runtime.isolation.DelegatingClassLoader:199)
[2026-05-12 00:23:03,688] INFO Added plugin 'com.clickhouse.kafka.connect.transforms.KeyToValue' (org.apache.kafka.connect.runtime.isolation.DelegatingClassLoader:199)
[2026-05-12 00:23:03,688] INFO Added plugin 'com.clickhouse.kafka.connect.transforms.ExtractTopic$Value' (org.apache.kafka.connect.runtime.isolation.DelegatingClassLoader:199)
[2026-05-12 00:23:03,688] INFO Added plugin 'org.apache.kafka.connect.converters.DoubleConverter' (org.apache.kafka.connect.runtime.isolation.DelegatingClassLoader:199)
[2026-05-12 00:23:03,688] INFO Added plugin 'org.apache.kafka.connect.connector.policy.AllConnectorClientConfigOverridePolicy' (org.apache.kafka.connect.runtime.isolation.DelegatingClassLoader:199)
[2026-05-12 00:23:03,688] INFO Added plugin 'com.clickhouse.kafka.connect.transforms.ExtractTopic$Key' (org.apache.kafka.connect.runtime.isolation.DelegatingClassLoader:199)
[2026-05-12 00:23:03,688] INFO Added plugin 'org.apache.kafka.connect.transforms.TimestampRouter' (org.apache.kafka.connect.runtime.isolation.DelegatingClassLoader:199)
[2026-05-12 00:23:03,688] INFO Added plugin 'org.apache.kafka.connect.transforms.RegexRouter' (org.apache.kafka.connect.runtime.isolation.DelegatingClassLoader:199)
[2026-05-12 00:23:03,688] INFO Added plugin 'org.apache.kafka.connect.transforms.HoistField$Value' (org.apache.kafka.connect.runtime.isolation.DelegatingClassLoader:199)
[2026-05-12 00:23:03,689] INFO Added plugin 'org.apache.kafka.connect.transforms.ValueToKey' (org.apache.kafka.connect.runtime.isolation.DelegatingClassLoader:199)
[2026-05-12 00:23:03,689] INFO Added plugin 'org.apache.kafka.connect.connector.policy.PrincipalConnectorClientConfigOverridePolicy' (org.apache.kafka.connect.runtime.isolation.DelegatingClassLoader:199)
[2026-05-12 00:23:03,689] INFO Added plugin 'org.apache.kafka.connect.transforms.DropHeaders' (org.apache.kafka.connect.runtime.isolation.DelegatingClassLoader:199)
[2026-05-12 00:23:03,689] INFO Added plugin 'org.apache.kafka.connect.transforms.Cast$Key' (org.apache.kafka.connect.runtime.isolation.DelegatingClassLoader:199)
[2026-05-12 00:23:03,689] INFO Added plugin 'org.apache.kafka.connect.storage.SimpleHeaderConverter' (org.apache.kafka.connect.runtime.isolation.DelegatingClassLoader:199)
[2026-05-12 00:23:03,689] INFO Added plugin 'org.apache.kafka.connect.converters.LongConverter' (org.apache.kafka.connect.runtime.isolation.DelegatingClassLoader:199)
[2026-05-12 00:23:03,689] INFO Added plugin 'org.apache.kafka.common.config.provider.FileConfigProvider' (org.apache.kafka.connect.runtime.isolation.DelegatingClassLoader:199)
[2026-05-12 00:23:03,689] INFO Added plugin 'org.apache.kafka.connect.transforms.InsertHeader' (org.apache.kafka.connect.runtime.isolation.DelegatingClassLoader:199)
[2026-05-12 00:23:03,690] INFO Added plugin 'org.apache.kafka.common.config.provider.DirectoryConfigProvider' (org.apache.kafka.connect.runtime.isolation.DelegatingClassLoader:199)
[2026-05-12 00:23:03,690] INFO Added plugin 'com.clickhouse.kafka.connect.ClickHouseSinkConnector' (org.apache.kafka.connect.runtime.isolation.DelegatingClassLoader:199)
[2026-05-12 00:23:03,690] INFO Added plugin 'org.apache.kafka.connect.transforms.Flatten$Key' (org.apache.kafka.connect.runtime.isolation.DelegatingClassLoader:199)
[2026-05-12 00:23:03,690] INFO Added plugin 'org.apache.kafka.connect.mirror.MirrorCheckpointConnector' (org.apache.kafka.connect.runtime.isolation.DelegatingClassLoader:199)
[2026-05-12 00:23:03,690] INFO Added plugin 'org.apache.kafka.connect.transforms.HeaderFrom$Value' (org.apache.kafka.connect.runtime.isolation.DelegatingClassLoader:199)
[2026-05-12 00:23:03,690] INFO Added plugin 'org.apache.kafka.connect.transforms.SetSchemaMetadata$Key' (org.apache.kafka.connect.runtime.isolation.DelegatingClassLoader:199)
[2026-05-12 00:23:03,690] INFO Added plugin 'org.apache.kafka.connect.json.JsonConverter' (org.apache.kafka.connect.runtime.isolation.DelegatingClassLoader:199)
[2026-05-12 00:23:03,690] INFO Added plugin 'org.apache.kafka.connect.transforms.predicates.TopicNameMatches' (org.apache.kafka.connect.runtime.isolation.DelegatingClassLoader:199)
[2026-05-12 00:23:03,690] INFO Added plugin 'org.apache.kafka.connect.transforms.ReplaceField$Value' (org.apache.kafka.connect.runtime.isolation.DelegatingClassLoader:199)
[2026-05-12 00:23:03,690] INFO Added plugin 'org.apache.kafka.connect.transforms.SetSchemaMetadata$Value' (org.apache.kafka.connect.runtime.isolation.DelegatingClassLoader:199)
[2026-05-12 00:23:03,690] INFO Added plugin 'org.apache.kafka.connect.converters.IntegerConverter' (org.apache.kafka.connect.runtime.isolation.DelegatingClassLoader:199)
[2026-05-12 00:23:03,690] INFO Added plugin 'org.apache.kafka.connect.transforms.HeaderFrom$Key' (org.apache.kafka.connect.runtime.isolation.DelegatingClassLoader:199)
[2026-05-12 00:23:03,690] INFO Added plugin 'org.apache.kafka.connect.transforms.predicates.HasHeaderKey' (org.apache.kafka.connect.runtime.isolation.DelegatingClassLoader:199)
[2026-05-12 00:23:03,691] INFO Added plugin 'org.apache.kafka.connect.transforms.MaskField$Value' (org.apache.kafka.connect.runtime.isolation.DelegatingClassLoader:199)
[2026-05-12 00:23:03,691] INFO Added plugin 'org.apache.kafka.connect.transforms.predicates.RecordIsTombstone' (org.apache.kafka.connect.runtime.isolation.DelegatingClassLoader:199)
[2026-05-12 00:23:03,691] INFO Added plugin 'org.apache.kafka.common.config.provider.EnvVarConfigProvider' (org.apache.kafka.connect.runtime.isolation.DelegatingClassLoader:199)
[2026-05-12 00:23:03,691] INFO Added plugin 'org.apache.kafka.connect.connector.policy.NoneConnectorClientConfigOverridePolicy' (org.apache.kafka.connect.runtime.isolation.DelegatingClassLoader:199)
[2026-05-12 00:23:03,691] INFO Added plugin 'org.apache.kafka.connect.storage.StringConverter' (org.apache.kafka.connect.runtime.isolation.DelegatingClassLoader:199)
[2026-05-12 00:23:03,692] INFO Added plugin 'org.apache.kafka.connect.transforms.MaskField$Key' (org.apache.kafka.connect.runtime.isolation.DelegatingClassLoader:199)
[2026-05-12 00:23:03,692] INFO Added plugin 'org.apache.kafka.connect.converters.ByteArrayConverter' (org.apache.kafka.connect.runtime.isolation.DelegatingClassLoader:199)
[2026-05-12 00:23:03,692] INFO Added plugin 'org.apache.kafka.connect.transforms.Cast$Value' (org.apache.kafka.connect.runtime.isolation.DelegatingClassLoader:199)
[2026-05-12 00:23:03,692] INFO Added plugin 'org.apache.kafka.connect.transforms.ExtractField$Key' (org.apache.kafka.connect.runtime.isolation.DelegatingClassLoader:199)
[2026-05-12 00:23:03,692] INFO Added plugin 'org.apache.kafka.connect.transforms.Flatten$Value' (org.apache.kafka.connect.runtime.isolation.DelegatingClassLoader:199)
[2026-05-12 00:23:03,692] INFO Added plugin 'org.apache.kafka.connect.transforms.InsertField$Key' (org.apache.kafka.connect.runtime.isolation.DelegatingClassLoader:199)
[2026-05-12 00:23:03,692] INFO Added plugin 'org.apache.kafka.connect.converters.BooleanConverter' (org.apache.kafka.connect.runtime.isolation.DelegatingClassLoader:199)
[2026-05-12 00:23:03,693] INFO Added plugin 'org.apache.kafka.connect.rest.basic.auth.extension.BasicAuthSecurityRestExtension' (org.apache.kafka.connect.runtime.isolation.DelegatingClassLoader:199)
[2026-05-12 00:23:03,693] INFO Added plugin 'org.apache.kafka.connect.transforms.ExtractField$Value' (org.apache.kafka.connect.runtime.isolation.DelegatingClassLoader:199)
[2026-05-12 00:23:03,693] INFO Added plugin 'org.apache.kafka.connect.mirror.MirrorHeartbeatConnector' (org.apache.kafka.connect.runtime.isolation.DelegatingClassLoader:199)
[2026-05-12 00:23:03,693] INFO Added plugin 'org.apache.kafka.connect.transforms.TimestampConverter$Value' (org.apache.kafka.connect.runtime.isolation.DelegatingClassLoader:199)
[2026-05-12 00:23:03,694] INFO Added plugin 'org.apache.kafka.connect.converters.ShortConverter' (org.apache.kafka.connect.runtime.isolation.DelegatingClassLoader:199)
[2026-05-12 00:23:03,694] INFO Added plugin 'org.apache.kafka.connect.transforms.HoistField$Key' (org.apache.kafka.connect.runtime.isolation.DelegatingClassLoader:199)
[2026-05-12 00:23:03,699] INFO Added alias 'All' to plugin 'org.apache.kafka.connect.connector.policy.AllConnectorClientConfigOverridePolicy' (org.apache.kafka.connect.runtime.isolation.DelegatingClassLoader:203)
[2026-05-12 00:23:03,699] INFO Added alias 'JsonConverter' to plugin 'org.apache.kafka.connect.json.JsonConverter' (org.apache.kafka.connect.runtime.isolation.DelegatingClassLoader:203)
[2026-05-12 00:23:03,699] INFO Added alias 'RecordIsTombstone' to plugin 'org.apache.kafka.connect.transforms.predicates.RecordIsTombstone' (org.apache.kafka.connect.runtime.isolation.DelegatingClassLoader:203)
[2026-05-12 00:23:03,699] INFO Added alias 'String' to plugin 'org.apache.kafka.connect.storage.StringConverter' (org.apache.kafka.connect.runtime.isolation.DelegatingClassLoader:203)
[2026-05-12 00:23:03,699] INFO Added alias 'RegexRouter' to plugin 'org.apache.kafka.connect.transforms.RegexRouter' (org.apache.kafka.connect.runtime.isolation.DelegatingClassLoader:203)
[2026-05-12 00:23:03,699] INFO Added alias 'EnvVar' to plugin 'org.apache.kafka.common.config.provider.EnvVarConfigProvider' (org.apache.kafka.connect.runtime.isolation.DelegatingClassLoader:203)
[2026-05-12 00:23:03,700] INFO Added alias 'EnvVarConfigProvider' to plugin 'org.apache.kafka.common.config.provider.EnvVarConfigProvider' (org.apache.kafka.connect.runtime.isolation.DelegatingClassLoader:203)
[2026-05-12 00:23:03,700] INFO Added alias 'ByteArray' to plugin 'org.apache.kafka.connect.converters.ByteArrayConverter' (org.apache.kafka.connect.runtime.isolation.DelegatingClassLoader:203)
[2026-05-12 00:23:03,700] INFO Added alias 'MirrorCheckpointConnector' to plugin 'org.apache.kafka.connect.mirror.MirrorCheckpointConnector' (org.apache.kafka.connect.runtime.isolation.DelegatingClassLoader:203)
[2026-05-12 00:23:03,700] INFO Added alias 'Boolean' to plugin 'org.apache.kafka.connect.converters.BooleanConverter' (org.apache.kafka.connect.runtime.isolation.DelegatingClassLoader:203)
[2026-05-12 00:23:03,700] INFO Added alias 'NoneConnectorClientConfigOverridePolicy' to plugin 'org.apache.kafka.connect.connector.policy.NoneConnectorClientConfigOverridePolicy' (org.apache.kafka.connect.runtime.isolation.DelegatingClassLoader:203)
[2026-05-12 00:23:03,701] INFO Added alias 'Short' to plugin 'org.apache.kafka.connect.converters.ShortConverter' (org.apache.kafka.connect.runtime.isolation.DelegatingClassLoader:203)
[2026-05-12 00:23:03,701] INFO Added alias 'KeyToValue' to plugin 'com.clickhouse.kafka.connect.transforms.KeyToValue' (org.apache.kafka.connect.runtime.isolation.DelegatingClassLoader:203)
[2026-05-12 00:23:03,701] INFO Added alias 'ClickHouseSink' to plugin 'com.clickhouse.kafka.connect.ClickHouseSinkConnector' (org.apache.kafka.connect.runtime.isolation.DelegatingClassLoader:203)
[2026-05-12 00:23:03,701] INFO Added alias 'Json' to plugin 'org.apache.kafka.connect.json.JsonConverter' (org.apache.kafka.connect.runtime.isolation.DelegatingClassLoader:203)
[2026-05-12 00:23:03,701] INFO Added alias 'StringConverter' to plugin 'org.apache.kafka.connect.storage.StringConverter' (org.apache.kafka.connect.runtime.isolation.DelegatingClassLoader:203)
[2026-05-12 00:23:03,701] INFO Added alias 'Double' to plugin 'org.apache.kafka.connect.converters.DoubleConverter' (org.apache.kafka.connect.runtime.isolation.DelegatingClassLoader:203)
[2026-05-12 00:23:03,701] INFO Added alias 'FileConfigProvider' to plugin 'org.apache.kafka.common.config.provider.FileConfigProvider' (org.apache.kafka.connect.runtime.isolation.DelegatingClassLoader:203)
[2026-05-12 00:23:03,701] INFO Added alias 'IntegerConverter' to plugin 'org.apache.kafka.connect.converters.IntegerConverter' (org.apache.kafka.connect.runtime.isolation.DelegatingClassLoader:203)
[2026-05-12 00:23:03,701] INFO Added alias 'Float' to plugin 'org.apache.kafka.connect.converters.FloatConverter' (org.apache.kafka.connect.runtime.isolation.DelegatingClassLoader:203)
[2026-05-12 00:23:03,702] INFO Added alias 'LongConverter' to plugin 'org.apache.kafka.connect.converters.LongConverter' (org.apache.kafka.connect.runtime.isolation.DelegatingClassLoader:203)
[2026-05-12 00:23:03,702] INFO Added alias 'DropHeaders' to plugin 'org.apache.kafka.connect.transforms.DropHeaders' (org.apache.kafka.connect.runtime.isolation.DelegatingClassLoader:203)
[2026-05-12 00:23:03,702] INFO Added alias 'SimpleHeaderConverter' to plugin 'org.apache.kafka.connect.storage.SimpleHeaderConverter' (org.apache.kafka.connect.runtime.isolation.DelegatingClassLoader:203)
[2026-05-12 00:23:03,702] INFO Added alias 'Long' to plugin 'org.apache.kafka.connect.converters.LongConverter' (org.apache.kafka.connect.runtime.isolation.DelegatingClassLoader:203)
[2026-05-12 00:23:03,702] INFO Added alias 'File' to plugin 'org.apache.kafka.common.config.provider.FileConfigProvider' (org.apache.kafka.connect.runtime.isolation.DelegatingClassLoader:203)
[2026-05-12 00:23:03,702] INFO Added alias 'FloatConverter' to plugin 'org.apache.kafka.connect.converters.FloatConverter' (org.apache.kafka.connect.runtime.isolation.DelegatingClassLoader:203)
[2026-05-12 00:23:03,702] INFO Added alias 'DirectoryConfigProvider' to plugin 'org.apache.kafka.common.config.provider.DirectoryConfigProvider' (org.apache.kafka.connect.runtime.isolation.DelegatingClassLoader:203)
[2026-05-12 00:23:03,702] INFO Added alias 'ByteArrayConverter' to plugin 'org.apache.kafka.connect.converters.ByteArrayConverter' (org.apache.kafka.connect.runtime.isolation.DelegatingClassLoader:203)
[2026-05-12 00:23:03,702] INFO Added alias 'ShortConverter' to plugin 'org.apache.kafka.connect.converters.ShortConverter' (org.apache.kafka.connect.runtime.isolation.DelegatingClassLoader:203)
[2026-05-12 00:23:03,702] INFO Added alias 'BasicAuthSecurityRestExtension' to plugin 'org.apache.kafka.connect.rest.basic.auth.extension.BasicAuthSecurityRestExtension' (org.apache.kafka.connect.runtime.isolation.DelegatingClassLoader:203)
[2026-05-12 00:23:03,702] INFO Added alias 'DoubleConverter' to plugin 'org.apache.kafka.connect.converters.DoubleConverter' (org.apache.kafka.connect.runtime.isolation.DelegatingClassLoader:203)
[2026-05-12 00:23:03,702] INFO Added alias 'Simple' to plugin 'org.apache.kafka.connect.storage.SimpleHeaderConverter' (org.apache.kafka.connect.runtime.isolation.DelegatingClassLoader:203)
[2026-05-12 00:23:03,702] INFO Added alias 'AllConnectorClientConfigOverridePolicy' to plugin 'org.apache.kafka.connect.connector.policy.AllConnectorClientConfigOverridePolicy' (org.apache.kafka.connect.runtime.isolation.DelegatingClassLoader:203)
[2026-05-12 00:23:03,702] INFO Added alias 'MirrorSource' to plugin 'org.apache.kafka.connect.mirror.MirrorSourceConnector' (org.apache.kafka.connect.runtime.isolation.DelegatingClassLoader:203)
[2026-05-12 00:23:03,702] INFO Added alias 'TopicNameMatches' to plugin 'org.apache.kafka.connect.transforms.predicates.TopicNameMatches' (org.apache.kafka.connect.runtime.isolation.DelegatingClassLoader:203)
[2026-05-12 00:23:03,703] INFO Added alias 'MirrorHeartbeatConnector' to plugin 'org.apache.kafka.connect.mirror.MirrorHeartbeatConnector' (org.apache.kafka.connect.runtime.isolation.DelegatingClassLoader:203)
[2026-05-12 00:23:03,703] INFO Added alias 'ClickHouseSinkConnector' to plugin 'com.clickhouse.kafka.connect.ClickHouseSinkConnector' (org.apache.kafka.connect.runtime.isolation.DelegatingClassLoader:203)
[2026-05-12 00:23:03,703] INFO Added alias 'InsertHeader' to plugin 'org.apache.kafka.connect.transforms.InsertHeader' (org.apache.kafka.connect.runtime.isolation.DelegatingClassLoader:203)
[2026-05-12 00:23:03,703] INFO Added alias 'Directory' to plugin 'org.apache.kafka.common.config.provider.DirectoryConfigProvider' (org.apache.kafka.connect.runtime.isolation.DelegatingClassLoader:203)
[2026-05-12 00:23:03,703] INFO Added alias 'MirrorSourceConnector' to plugin 'org.apache.kafka.connect.mirror.MirrorSourceConnector' (org.apache.kafka.connect.runtime.isolation.DelegatingClassLoader:203)
[2026-05-12 00:23:03,703] INFO Added alias 'PrincipalConnectorClientConfigOverridePolicy' to plugin 'org.apache.kafka.connect.connector.policy.PrincipalConnectorClientConfigOverridePolicy' (org.apache.kafka.connect.runtime.isolation.DelegatingClassLoader:203)
[2026-05-12 00:23:03,703] INFO Added alias 'MirrorHeartbeat' to plugin 'org.apache.kafka.connect.mirror.MirrorHeartbeatConnector' (org.apache.kafka.connect.runtime.isolation.DelegatingClassLoader:203)
[2026-05-12 00:23:03,703] INFO Added alias 'ValueToKey' to plugin 'org.apache.kafka.connect.transforms.ValueToKey' (org.apache.kafka.connect.runtime.isolation.DelegatingClassLoader:203)
[2026-05-12 00:23:03,703] INFO Added alias 'BooleanConverter' to plugin 'org.apache.kafka.connect.converters.BooleanConverter' (org.apache.kafka.connect.runtime.isolation.DelegatingClassLoader:203)
[2026-05-12 00:23:03,703] INFO Added alias 'HasHeaderKey' to plugin 'org.apache.kafka.connect.transforms.predicates.HasHeaderKey' (org.apache.kafka.connect.runtime.isolation.DelegatingClassLoader:203)
[2026-05-12 00:23:03,703] INFO Added alias 'Integer' to plugin 'org.apache.kafka.connect.converters.IntegerConverter' (org.apache.kafka.connect.runtime.isolation.DelegatingClassLoader:203)
[2026-05-12 00:23:03,703] INFO Added alias 'MirrorCheckpoint' to plugin 'org.apache.kafka.connect.mirror.MirrorCheckpointConnector' (org.apache.kafka.connect.runtime.isolation.DelegatingClassLoader:203)
[2026-05-12 00:23:03,703] INFO Added alias 'Filter' to plugin 'org.apache.kafka.connect.transforms.Filter' (org.apache.kafka.connect.runtime.isolation.DelegatingClassLoader:203)
[2026-05-12 00:23:03,703] INFO Added alias 'None' to plugin 'org.apache.kafka.connect.connector.policy.NoneConnectorClientConfigOverridePolicy' (org.apache.kafka.connect.runtime.isolation.DelegatingClassLoader:203)
[2026-05-12 00:23:03,703] INFO Added alias 'TimestampRouter' to plugin 'org.apache.kafka.connect.transforms.TimestampRouter' (org.apache.kafka.connect.runtime.isolation.DelegatingClassLoader:203)
[2026-05-12 00:23:03,703] INFO Added alias 'Principal' to plugin 'org.apache.kafka.connect.connector.policy.PrincipalConnectorClientConfigOverridePolicy' (org.apache.kafka.connect.runtime.isolation.DelegatingClassLoader:203)
[2026-05-12 00:23:03,711] INFO StandaloneConfig values: 
	access.control.allow.methods = 
	access.control.allow.origin = 
	admin.listeners = null
	bootstrap.servers = [localhost:9092]
	client.dns.lookup = use_all_dns_ips
	config.providers = []
	connector.client.config.override.policy = All
	header.converter = class org.apache.kafka.connect.storage.SimpleHeaderConverter
	header.converter.plugin.version = null
	key.converter = class org.apache.kafka.connect.storage.StringConverter
	key.converter.plugin.version = null
	listeners = [http://localhost:8084]
	metric.reporters = [org.apache.kafka.common.metrics.JmxReporter]
	metrics.num.samples = 2
	metrics.recording.level = INFO
	metrics.sample.window.ms = 30000
	offset.flush.interval.ms = 10000
	offset.flush.timeout.ms = 5000
	offset.storage.file.filename = /tmp/connect.offsets
	plugin.discovery = hybrid_warn
	plugin.path = [/Users/akibu/kafka-connect-plugins]
	response.http.headers.config = 
	rest.advertised.host.name = null
	rest.advertised.listener = null
	rest.advertised.port = null
	rest.extension.classes = []
	ssl.cipher.suites = null
	ssl.client.auth = none
	ssl.enabled.protocols = [TLSv1.2, TLSv1.3]
	ssl.endpoint.identification.algorithm = https
	ssl.engine.factory.class = null
	ssl.key.password = null
	ssl.keymanager.algorithm = SunX509
	ssl.keystore.certificate.chain = null
	ssl.keystore.key = null
	ssl.keystore.location = null
	ssl.keystore.password = null
	ssl.keystore.type = JKS
	ssl.protocol = TLSv1.3
	ssl.provider = null
	ssl.secure.random.implementation = null
	ssl.trustmanager.algorithm = PKIX
	ssl.truststore.certificates = null
	ssl.truststore.location = null
	ssl.truststore.password = null
	ssl.truststore.type = JKS
	task.shutdown.graceful.timeout.ms = 5000
	topic.creation.enable = true
	topic.tracking.allow.reset = true
	topic.tracking.enable = true
	value.converter = class org.apache.kafka.connect.json.JsonConverter
	value.converter.plugin.version = null
 (org.apache.kafka.common.config.AbstractConfig:380)
[2026-05-12 00:23:03,712] INFO Creating Kafka admin client (org.apache.kafka.connect.runtime.WorkerConfig:294)
[2026-05-12 00:23:03,714] INFO AdminClientConfig values: 
	bootstrap.controllers = []
	bootstrap.servers = [localhost:9092]
	client.dns.lookup = use_all_dns_ips
	client.id = 
	connections.max.idle.ms = 300000
	default.api.timeout.ms = 60000
	enable.metrics.push = false
	metadata.max.age.ms = 300000
	metadata.recovery.rebootstrap.trigger.ms = 300000
	metadata.recovery.strategy = rebootstrap
	metric.reporters = [org.apache.kafka.common.metrics.JmxReporter]
	metrics.num.samples = 2
	metrics.recording.level = INFO
	metrics.sample.window.ms = 30000
	receive.buffer.bytes = 65536
	reconnect.backoff.max.ms = 1000
	reconnect.backoff.ms = 50
	request.timeout.ms = 30000
	retries = 2147483647
	retry.backoff.max.ms = 1000
	retry.backoff.ms = 100
	sasl.client.callback.handler.class = null
	sasl.jaas.config = null
	sasl.kerberos.kinit.cmd = /usr/bin/kinit
	sasl.kerberos.min.time.before.relogin = 60000
	sasl.kerberos.service.name = null
	sasl.kerberos.ticket.renew.jitter = 0.05
	sasl.kerberos.ticket.renew.window.factor = 0.8
	sasl.login.callback.handler.class = null
	sasl.login.class = null
	sasl.login.connect.timeout.ms = null
	sasl.login.read.timeout.ms = null
	sasl.login.refresh.buffer.seconds = 300
	sasl.login.refresh.min.period.seconds = 60
	sasl.login.refresh.window.factor = 0.8
	sasl.login.refresh.window.jitter = 0.05
	sasl.login.retry.backoff.max.ms = 10000
	sasl.login.retry.backoff.ms = 100
	sasl.mechanism = GSSAPI
	sasl.oauthbearer.assertion.algorithm = RS256
	sasl.oauthbearer.assertion.claim.aud = null
	sasl.oauthbearer.assertion.claim.exp.seconds = 300
	sasl.oauthbearer.assertion.claim.iss = null
	sasl.oauthbearer.assertion.claim.jti.include = false
	sasl.oauthbearer.assertion.claim.nbf.seconds = 60
	sasl.oauthbearer.assertion.claim.sub = null
	sasl.oauthbearer.assertion.file = null
	sasl.oauthbearer.assertion.private.key.file = null
	sasl.oauthbearer.assertion.private.key.passphrase = null
	sasl.oauthbearer.assertion.template.file = null
	sasl.oauthbearer.client.credentials.client.id = null
	sasl.oauthbearer.client.credentials.client.secret = null
	sasl.oauthbearer.clock.skew.seconds = 30
	sasl.oauthbearer.expected.audience = null
	sasl.oauthbearer.expected.issuer = null
	sasl.oauthbearer.header.urlencode = false
	sasl.oauthbearer.jwks.endpoint.refresh.ms = 3600000
	sasl.oauthbearer.jwks.endpoint.retry.backoff.max.ms = 10000
	sasl.oauthbearer.jwks.endpoint.retry.backoff.ms = 100
	sasl.oauthbearer.jwks.endpoint.url = null
	sasl.oauthbearer.jwt.retriever.class = class org.apache.kafka.common.security.oauthbearer.DefaultJwtRetriever
	sasl.oauthbearer.jwt.validator.class = class org.apache.kafka.common.security.oauthbearer.DefaultJwtValidator
	sasl.oauthbearer.scope = null
	sasl.oauthbearer.scope.claim.name = scope
	sasl.oauthbearer.sub.claim.name = sub
	sasl.oauthbearer.token.endpoint.url = null
	security.protocol = PLAINTEXT
	security.providers = null
	send.buffer.bytes = 131072
	socket.connection.setup.timeout.max.ms = 30000
	socket.connection.setup.timeout.ms = 10000
	ssl.cipher.suites = null
	ssl.enabled.protocols = [TLSv1.2, TLSv1.3]
	ssl.endpoint.identification.algorithm = https
	ssl.engine.factory.class = null
	ssl.key.password = null
	ssl.keymanager.algorithm = SunX509
	ssl.keystore.certificate.chain = null
	ssl.keystore.key = null
	ssl.keystore.location = null
	ssl.keystore.password = null
	ssl.keystore.type = JKS
	ssl.protocol = TLSv1.3
	ssl.provider = null
	ssl.secure.random.implementation = null
	ssl.trustmanager.algorithm = PKIX
	ssl.truststore.certificates = null
	ssl.truststore.location = null
	ssl.truststore.password = null
	ssl.truststore.type = JKS
 (org.apache.kafka.common.config.AbstractConfig:380)
[2026-05-12 00:23:03,758] INFO These configurations '[offset.flush.interval.ms, offset.storage.file.filename, listeners, value.converter.schemas.enable, plugin.path, value.converter, key.converter]' were supplied but are not used yet. (org.apache.kafka.common.config.AbstractConfig:389)
[2026-05-12 00:23:03,759] INFO Kafka version: 4.1.1 (org.apache.kafka.common.utils.AppInfoParser:125)
[2026-05-12 00:23:03,760] INFO Kafka commitId: be816b82d25370ce (org.apache.kafka.common.utils.AppInfoParser:126)
[2026-05-12 00:23:03,760] INFO Kafka startTimeMs: 1778525583758 (org.apache.kafka.common.utils.AppInfoParser:127)
[2026-05-12 00:23:04,225] INFO Kafka cluster ID: 7zqQl3RwTam55Uu5EZOblw (org.apache.kafka.connect.runtime.WorkerConfig:311)
[2026-05-12 00:23:04,226] INFO Metrics scheduler closed (org.apache.kafka.common.metrics.Metrics:684)
[2026-05-12 00:23:04,226] INFO Closing reporter org.apache.kafka.common.metrics.JmxReporter (org.apache.kafka.common.metrics.Metrics:688)
[2026-05-12 00:23:04,226] INFO Metrics reporters closed (org.apache.kafka.common.metrics.Metrics:694)
[2026-05-12 00:23:04,227] INFO App info kafka.admin.client for adminclient-1 unregistered (org.apache.kafka.common.utils.AppInfoParser:89)
[2026-05-12 00:23:04,230] INFO Metrics scheduler closed (org.apache.kafka.common.metrics.Metrics:684)
[2026-05-12 00:23:04,230] INFO Closing reporter org.apache.kafka.common.metrics.JmxReporter (org.apache.kafka.common.metrics.Metrics:688)
[2026-05-12 00:23:04,230] INFO Metrics reporters closed (org.apache.kafka.common.metrics.Metrics:694)
[2026-05-12 00:23:04,233] INFO PublicConfig values: 
	access.control.allow.methods = 
	access.control.allow.origin = 
	admin.listeners = null
	listeners = [http://localhost:8084]
	response.http.headers.config = 
	rest.advertised.host.name = null
	rest.advertised.listener = null
	rest.advertised.port = null
	rest.extension.classes = []
	ssl.cipher.suites = null
	ssl.client.auth = none
	ssl.enabled.protocols = [TLSv1.2, TLSv1.3]
	ssl.endpoint.identification.algorithm = https
	ssl.engine.factory.class = null
	ssl.key.password = null
	ssl.keymanager.algorithm = SunX509
	ssl.keystore.certificate.chain = null
	ssl.keystore.key = null
	ssl.keystore.location = null
	ssl.keystore.password = null
	ssl.keystore.type = JKS
	ssl.protocol = TLSv1.3
	ssl.provider = null
	ssl.secure.random.implementation = null
	ssl.trustmanager.algorithm = PKIX
	ssl.truststore.certificates = null
	ssl.truststore.location = null
	ssl.truststore.password = null
	ssl.truststore.type = JKS
	topic.tracking.allow.reset = true
	topic.tracking.enable = true
 (org.apache.kafka.common.config.AbstractConfig:380)
[2026-05-12 00:23:04,282] INFO Added connector for http://localhost:8084 (org.apache.kafka.connect.runtime.rest.RestServer:127)
[2026-05-12 00:23:04,283] INFO Initializing REST server (org.apache.kafka.connect.runtime.rest.RestServer:201)
[2026-05-12 00:23:04,300] INFO jetty-12.0.22; built: 2025-06-02T15:25:31.946Z; git: 335c9ab44a5591f0ea941bf350e139b8c4f5537c; jvm 25.0.1 (org.eclipse.jetty.server.Server:555)
[2026-05-12 00:23:04,305] INFO Started http_localhost8084@6fa2b20e{HTTP/1.1, (http/1.1)}{localhost:8084} (org.eclipse.jetty.server.AbstractConnector:326)
[2026-05-12 00:23:04,307] INFO Started oejs.Server@cd7f1ae{STARTING}[12.0.22,sto=60000] @4843ms (org.eclipse.jetty.server.Server:612)
[2026-05-12 00:23:04,318] INFO Advertised URI: http://localhost:8084/ (org.apache.kafka.connect.runtime.rest.RestServer:422)
[2026-05-12 00:23:04,318] INFO REST server listening at http://localhost:8084/, advertising URL http://localhost:8084/ (org.apache.kafka.connect.runtime.rest.RestServer:221)
[2026-05-12 00:23:04,318] INFO Advertised URI: http://localhost:8084/ (org.apache.kafka.connect.runtime.rest.RestServer:422)
[2026-05-12 00:23:04,318] INFO REST admin endpoints at http://localhost:8084/ (org.apache.kafka.connect.runtime.rest.RestServer:224)
[2026-05-12 00:23:04,318] INFO Advertised URI: http://localhost:8084/ (org.apache.kafka.connect.runtime.rest.RestServer:422)
[2026-05-12 00:23:04,319] INFO Setting up All Policy for ConnectorClientConfigOverride. This will allow all client configurations to be overridden (org.apache.kafka.connect.connector.policy.AllConnectorClientConfigOverridePolicy:45)
[2026-05-12 00:23:04,319] INFO JsonConverterConfig values: 
	converter.type = key
	decimal.format = BASE64
	replace.null.with.default = true
	schemas.cache.size = 1000
	schemas.enable = false
 (org.apache.kafka.common.config.AbstractConfig:380)
[2026-05-12 00:23:04,324] INFO Kafka version: 4.1.1 (org.apache.kafka.common.utils.AppInfoParser:125)
[2026-05-12 00:23:04,324] INFO Kafka commitId: be816b82d25370ce (org.apache.kafka.common.utils.AppInfoParser:126)
[2026-05-12 00:23:04,324] INFO Kafka startTimeMs: 1778525584324 (org.apache.kafka.common.utils.AppInfoParser:127)
[2026-05-12 00:23:04,327] INFO JsonConverterConfig values: 
	converter.type = key
	decimal.format = BASE64
	replace.null.with.default = true
	schemas.cache.size = 1000
	schemas.enable = false
 (org.apache.kafka.common.config.AbstractConfig:380)
[2026-05-12 00:23:04,327] INFO JsonConverterConfig values: 
	converter.type = value
	decimal.format = BASE64
	replace.null.with.default = true
	schemas.cache.size = 1000
	schemas.enable = false
 (org.apache.kafka.common.config.AbstractConfig:380)
[2026-05-12 00:23:04,333] INFO Kafka Connect worker initialization took 4179ms (org.apache.kafka.connect.cli.AbstractConnectCli:141)
[2026-05-12 00:23:04,333] INFO Kafka Connect starting (org.apache.kafka.connect.runtime.Connect:67)
[2026-05-12 00:23:04,333] INFO Herder starting (org.apache.kafka.connect.runtime.standalone.StandaloneHerder:111)
[2026-05-12 00:23:04,333] INFO Worker starting (org.apache.kafka.connect.runtime.Worker:236)
[2026-05-12 00:23:04,334] INFO Starting FileOffsetBackingStore with file /tmp/connect.offsets (org.apache.kafka.connect.storage.FileOffsetBackingStore:64)
[2026-05-12 00:23:04,335] INFO Worker started (org.apache.kafka.connect.runtime.Worker:246)
[2026-05-12 00:23:04,335] INFO Herder started (org.apache.kafka.connect.runtime.standalone.StandaloneHerder:113)
[2026-05-12 00:23:04,335] INFO Initializing REST resources (org.apache.kafka.connect.runtime.rest.RestServer:228)
[2026-05-12 00:23:04,351] INFO Adding admin resources to main listener (org.apache.kafka.connect.runtime.rest.RestServer:243)
[2026-05-12 00:23:04,370] INFO Session workerName=node0 (org.eclipse.jetty.session.DefaultSessionIdManager:328)
[2026-05-12 00:23:04,373] INFO Started oeje10s.ServletContextHandler@4e2916c3{ROOT,/,b=null,a=AVAILABLE,h=oeje10s.SessionHandler@64aad6db{STARTED}} (org.eclipse.jetty.server.handler.ContextHandler:764)
[2026-05-12 00:23:04,561] INFO Started oeje10s.ServletContextHandler@4e2916c3{ROOT,/,b=null,a=AVAILABLE,h=oeje10s.SessionHandler@64aad6db{STARTED}} (org.eclipse.jetty.ee10.servlet.ServletContextHandler:1055)
[2026-05-12 00:23:04,561] INFO REST resources initialized; server is started and ready to handle requests (org.apache.kafka.connect.runtime.rest.RestServer:309)
[2026-05-12 00:23:04,563] INFO Kafka Connect started (org.apache.kafka.connect.runtime.Connect:77)
[2026-05-12 00:23:04,569] INFO Validating connector com.clickhouse.kafka.connect.ClickHouseSinkConnector, version v1.3.5 (org.apache.kafka.connect.runtime.AbstractHerder:847)
[2026-05-12 00:23:04,575] INFO AbstractConfig values: 
 (org.apache.kafka.common.config.AbstractConfig:380)
[2026-05-12 00:23:04,583] INFO [clickhouse-sink-connector|worker] Creating connector clickhouse-sink-connector of type com.clickhouse.kafka.connect.ClickHouseSinkConnector (org.apache.kafka.connect.runtime.Worker:325)
[2026-05-12 00:23:04,584] INFO [clickhouse-sink-connector|worker] SinkConnectorConfig values: 
	config.action.reload = restart
	connector.class = com.clickhouse.kafka.connect.ClickHouseSinkConnector
	connector.plugin.version = null
	errors.deadletterqueue.context.headers.enable = false
	errors.deadletterqueue.topic.name = 
	errors.deadletterqueue.topic.replication.factor = 3
	errors.log.enable = false
	errors.log.include.messages = false
	errors.retry.delay.max.ms = 60000
	errors.retry.timeout = 0
	errors.tolerance = none
	header.converter = null
	header.converter.plugin.version = null
	key.converter = null
	key.converter.plugin.version = null
	name = clickhouse-sink-connector
	predicates = []
	tasks.max = 2
	tasks.max.enforce = true
	topics = [internet-quality, router-metrics]
	topics.regex = 
	transforms = []
	value.converter = null
	value.converter.plugin.version = null
 (org.apache.kafka.common.config.AbstractConfig:380)
[2026-05-12 00:23:04,584] INFO [clickhouse-sink-connector|worker] EnrichedConnectorConfig values: 
	config.action.reload = restart
	connector.class = com.clickhouse.kafka.connect.ClickHouseSinkConnector
	connector.plugin.version = null
	errors.deadletterqueue.context.headers.enable = false
	errors.deadletterqueue.topic.name = 
	errors.deadletterqueue.topic.replication.factor = 3
	errors.log.enable = false
	errors.log.include.messages = false
	errors.retry.delay.max.ms = 60000
	errors.retry.timeout = 0
	errors.tolerance = none
	header.converter = null
	header.converter.plugin.version = null
	key.converter = null
	key.converter.plugin.version = null
	name = clickhouse-sink-connector
	predicates = []
	tasks.max = 2
	tasks.max.enforce = true
	topics = [internet-quality, router-metrics]
	topics.regex = 
	transforms = []
	value.converter = null
	value.converter.plugin.version = null
 (org.apache.kafka.common.config.AbstractConfig:380)
[2026-05-12 00:23:04,585] INFO [clickhouse-sink-connector|worker] Instantiated connector clickhouse-sink-connector with version v1.3.5 of type class com.clickhouse.kafka.connect.ClickHouseSinkConnector (org.apache.kafka.connect.runtime.Worker:349)
[2026-05-12 00:23:04,585] INFO [clickhouse-sink-connector|worker] Finished creating connector clickhouse-sink-connector (org.apache.kafka.connect.runtime.Worker:371)
[2026-05-12 00:23:04,586] INFO [clickhouse-sink-connector|worker] Starting SinkConnect... (com.clickhouse.kafka.connect.ClickHouseSinkConnector:55)
[2026-05-12 00:23:04,586] INFO [clickhouse-sink-connector|worker] Version: v1.3.5 (com.clickhouse.kafka.connect.ClickHouseSinkConnector:56)
[2026-05-12 00:23:04,587] INFO SinkConnectorConfig values: 
	config.action.reload = restart
	connector.class = com.clickhouse.kafka.connect.ClickHouseSinkConnector
	connector.plugin.version = null
	errors.deadletterqueue.context.headers.enable = false
	errors.deadletterqueue.topic.name = 
	errors.deadletterqueue.topic.replication.factor = 3
	errors.log.enable = false
	errors.log.include.messages = false
	errors.retry.delay.max.ms = 60000
	errors.retry.timeout = 0
	errors.tolerance = none
	header.converter = null
	header.converter.plugin.version = null
	key.converter = null
	key.converter.plugin.version = null
	name = clickhouse-sink-connector
	predicates = []
	tasks.max = 2
	tasks.max.enforce = true
	topics = [internet-quality, router-metrics]
	topics.regex = 
	transforms = []
	value.converter = null
	value.converter.plugin.version = null
 (org.apache.kafka.common.config.AbstractConfig:380)
[2026-05-12 00:23:04,587] INFO EnrichedConnectorConfig values: 
	config.action.reload = restart
	connector.class = com.clickhouse.kafka.connect.ClickHouseSinkConnector
	connector.plugin.version = null
	errors.deadletterqueue.context.headers.enable = false
	errors.deadletterqueue.topic.name = 
	errors.deadletterqueue.topic.replication.factor = 3
	errors.log.enable = false
	errors.log.include.messages = false
	errors.retry.delay.max.ms = 60000
	errors.retry.timeout = 0
	errors.tolerance = none
	header.converter = null
	header.converter.plugin.version = null
	key.converter = null
	key.converter.plugin.version = null
	name = clickhouse-sink-connector
	predicates = []
	tasks.max = 2
	tasks.max.enforce = true
	topics = [internet-quality, router-metrics]
	topics.regex = 
	transforms = []
	value.converter = null
	value.converter.plugin.version = null
 (org.apache.kafka.common.config.AbstractConfig:380)
[2026-05-12 00:23:04,592] INFO [clickhouse-sink-connector|task-0] Creating task clickhouse-sink-connector-0 (org.apache.kafka.connect.runtime.Worker:677)
[2026-05-12 00:23:04,594] INFO [clickhouse-sink-connector|task-0] ConnectorConfig values: 
	config.action.reload = restart
	connector.class = com.clickhouse.kafka.connect.ClickHouseSinkConnector
	connector.plugin.version = null
	errors.log.enable = false
	errors.log.include.messages = false
	errors.retry.delay.max.ms = 60000
	errors.retry.timeout = 0
	errors.tolerance = none
	header.converter = null
	header.converter.plugin.version = null
	key.converter = null
	key.converter.plugin.version = null
	name = clickhouse-sink-connector
	predicates = []
	tasks.max = 2
	tasks.max.enforce = true
	transforms = []
	value.converter = null
	value.converter.plugin.version = null
 (org.apache.kafka.common.config.AbstractConfig:380)
[2026-05-12 00:23:04,594] INFO [clickhouse-sink-connector|task-0] EnrichedConnectorConfig values: 
	config.action.reload = restart
	connector.class = com.clickhouse.kafka.connect.ClickHouseSinkConnector
	connector.plugin.version = null
	errors.log.enable = false
	errors.log.include.messages = false
	errors.retry.delay.max.ms = 60000
	errors.retry.timeout = 0
	errors.tolerance = none
	header.converter = null
	header.converter.plugin.version = null
	key.converter = null
	key.converter.plugin.version = null
	name = clickhouse-sink-connector
	predicates = []
	tasks.max = 2
	tasks.max.enforce = true
	transforms = []
	value.converter = null
	value.converter.plugin.version = null
 (org.apache.kafka.common.config.AbstractConfig:380)
[2026-05-12 00:23:04,594] INFO [clickhouse-sink-connector|task-0] TaskConfig values: 
	task.class = class com.clickhouse.kafka.connect.sink.ClickHouseSinkTask
 (org.apache.kafka.common.config.AbstractConfig:380)
[2026-05-12 00:23:04,594] INFO [clickhouse-sink-connector|task-0] Instantiated task clickhouse-sink-connector-0 with version 0.0.1 of type com.clickhouse.kafka.connect.sink.ClickHouseSinkTask (org.apache.kafka.connect.runtime.Worker:697)
[2026-05-12 00:23:04,595] INFO [clickhouse-sink-connector|task-0] StringConverterConfig values: 
	converter.encoding = UTF-8
	converter.type = key
 (org.apache.kafka.common.config.AbstractConfig:380)
[2026-05-12 00:23:04,595] INFO [clickhouse-sink-connector|task-0] Set up the key converter class org.apache.kafka.connect.storage.StringConverter for task clickhouse-sink-connector-0 using the worker config (org.apache.kafka.connect.runtime.Worker:710)
[2026-05-12 00:23:04,595] INFO [clickhouse-sink-connector|task-0] JsonConverterConfig values: 
	converter.type = value
	decimal.format = BASE64
	replace.null.with.default = true
	schemas.cache.size = 1000
	schemas.enable = false
 (org.apache.kafka.common.config.AbstractConfig:380)
[2026-05-12 00:23:04,595] INFO [clickhouse-sink-connector|task-0] Set up the value converter class org.apache.kafka.connect.json.JsonConverter for task clickhouse-sink-connector-0 using the worker config (org.apache.kafka.connect.runtime.Worker:716)
[2026-05-12 00:23:04,595] INFO [clickhouse-sink-connector|task-0] Set up the header converter class org.apache.kafka.connect.storage.SimpleHeaderConverter for task clickhouse-sink-connector-0 using the worker config (org.apache.kafka.connect.runtime.Worker:722)
[2026-05-12 00:23:04,597] INFO [clickhouse-sink-connector|task-0] Initializing: org.apache.kafka.connect.runtime.TransformationChain{} (org.apache.kafka.connect.runtime.Worker:1854)
[2026-05-12 00:23:04,598] INFO [clickhouse-sink-connector|task-0] SinkConnectorConfig values: 
	config.action.reload = restart
	connector.class = com.clickhouse.kafka.connect.ClickHouseSinkConnector
	connector.plugin.version = null
	errors.deadletterqueue.context.headers.enable = false
	errors.deadletterqueue.topic.name = 
	errors.deadletterqueue.topic.replication.factor = 3
	errors.log.enable = false
	errors.log.include.messages = false
	errors.retry.delay.max.ms = 60000
	errors.retry.timeout = 0
	errors.tolerance = none
	header.converter = null
	header.converter.plugin.version = null
	key.converter = null
	key.converter.plugin.version = null
	name = clickhouse-sink-connector
	predicates = []
	tasks.max = 2
	tasks.max.enforce = true
	topics = [internet-quality, router-metrics]
	topics.regex = 
	transforms = []
	value.converter = null
	value.converter.plugin.version = null
 (org.apache.kafka.common.config.AbstractConfig:380)
[2026-05-12 00:23:04,598] INFO [clickhouse-sink-connector|task-0] EnrichedConnectorConfig values: 
	config.action.reload = restart
	connector.class = com.clickhouse.kafka.connect.ClickHouseSinkConnector
	connector.plugin.version = null
	errors.deadletterqueue.context.headers.enable = false
	errors.deadletterqueue.topic.name = 
	errors.deadletterqueue.topic.replication.factor = 3
	errors.log.enable = false
	errors.log.include.messages = false
	errors.retry.delay.max.ms = 60000
	errors.retry.timeout = 0
	errors.tolerance = none
	header.converter = null
	header.converter.plugin.version = null
	key.converter = null
	key.converter.plugin.version = null
	name = clickhouse-sink-connector
	predicates = []
	tasks.max = 2
	tasks.max.enforce = true
	topics = [internet-quality, router-metrics]
	topics.regex = 
	transforms = []
	value.converter = null
	value.converter.plugin.version = null
 (org.apache.kafka.common.config.AbstractConfig:380)
[2026-05-12 00:23:04,600] INFO [clickhouse-sink-connector|task-0] ConsumerConfig values: 
	allow.auto.create.topics = true
	auto.commit.interval.ms = 5000
	auto.offset.reset = earliest
	bootstrap.servers = [localhost:9092]
	check.crcs = true
	client.dns.lookup = use_all_dns_ips
	client.id = connector-consumer-clickhouse-sink-connector-0
	client.rack = 
	connections.max.idle.ms = 540000
	default.api.timeout.ms = 60000
	enable.auto.commit = false
	enable.metrics.push = true
	exclude.internal.topics = true
	fetch.max.bytes = 52428800
	fetch.max.wait.ms = 500
	fetch.min.bytes = 1
	group.id = connect-clickhouse-sink-connector
	group.instance.id = null
	group.protocol = classic
	group.remote.assignor = null
	heartbeat.interval.ms = 3000
	interceptor.classes = []
	internal.leave.group.on.close = true
	internal.throw.on.fetch.stable.offset.unsupported = false
	isolation.level = read_uncommitted
	key.deserializer = class org.apache.kafka.common.serialization.ByteArrayDeserializer
	max.partition.fetch.bytes = 1048576
	max.poll.interval.ms = 300000
	max.poll.records = 500
	metadata.max.age.ms = 300000
	metadata.recovery.rebootstrap.trigger.ms = 300000
	metadata.recovery.strategy = rebootstrap
	metric.reporters = [org.apache.kafka.common.metrics.JmxReporter]
	metrics.num.samples = 2
	metrics.recording.level = INFO
	metrics.sample.window.ms = 30000
	partition.assignment.strategy = [class org.apache.kafka.clients.consumer.RangeAssignor, class org.apache.kafka.clients.consumer.CooperativeStickyAssignor]
	receive.buffer.bytes = 65536
	reconnect.backoff.max.ms = 1000
	reconnect.backoff.ms = 50
	request.timeout.ms = 30000
	retry.backoff.max.ms = 1000
	retry.backoff.ms = 100
	sasl.client.callback.handler.class = null
	sasl.jaas.config = null
	sasl.kerberos.kinit.cmd = /usr/bin/kinit
	sasl.kerberos.min.time.before.relogin = 60000
	sasl.kerberos.service.name = null
	sasl.kerberos.ticket.renew.jitter = 0.05
	sasl.kerberos.ticket.renew.window.factor = 0.8
	sasl.login.callback.handler.class = null
	sasl.login.class = null
	sasl.login.connect.timeout.ms = null
	sasl.login.read.timeout.ms = null
	sasl.login.refresh.buffer.seconds = 300
	sasl.login.refresh.min.period.seconds = 60
	sasl.login.refresh.window.factor = 0.8
	sasl.login.refresh.window.jitter = 0.05
	sasl.login.retry.backoff.max.ms = 10000
	sasl.login.retry.backoff.ms = 100
	sasl.mechanism = GSSAPI
	sasl.oauthbearer.assertion.algorithm = RS256
	sasl.oauthbearer.assertion.claim.aud = null
	sasl.oauthbearer.assertion.claim.exp.seconds = 300
	sasl.oauthbearer.assertion.claim.iss = null
	sasl.oauthbearer.assertion.claim.jti.include = false
	sasl.oauthbearer.assertion.claim.nbf.seconds = 60
	sasl.oauthbearer.assertion.claim.sub = null
	sasl.oauthbearer.assertion.file = null
	sasl.oauthbearer.assertion.private.key.file = null
	sasl.oauthbearer.assertion.private.key.passphrase = null
	sasl.oauthbearer.assertion.template.file = null
	sasl.oauthbearer.client.credentials.client.id = null
	sasl.oauthbearer.client.credentials.client.secret = null
	sasl.oauthbearer.clock.skew.seconds = 30
	sasl.oauthbearer.expected.audience = null
	sasl.oauthbearer.expected.issuer = null
	sasl.oauthbearer.header.urlencode = false
	sasl.oauthbearer.jwks.endpoint.refresh.ms = 3600000
	sasl.oauthbearer.jwks.endpoint.retry.backoff.max.ms = 10000
	sasl.oauthbearer.jwks.endpoint.retry.backoff.ms = 100
	sasl.oauthbearer.jwks.endpoint.url = null
	sasl.oauthbearer.jwt.retriever.class = class org.apache.kafka.common.security.oauthbearer.DefaultJwtRetriever
	sasl.oauthbearer.jwt.validator.class = class org.apache.kafka.common.security.oauthbearer.DefaultJwtValidator
	sasl.oauthbearer.scope = null
	sasl.oauthbearer.scope.claim.name = scope
	sasl.oauthbearer.sub.claim.name = sub
	sasl.oauthbearer.token.endpoint.url = null
	security.protocol = PLAINTEXT
	security.providers = null
	send.buffer.bytes = 131072
	session.timeout.ms = 45000
	share.acknowledgement.mode = implicit
	socket.connection.setup.timeout.max.ms = 30000
	socket.connection.setup.timeout.ms = 10000
	ssl.cipher.suites = null
	ssl.enabled.protocols = [TLSv1.2, TLSv1.3]
	ssl.endpoint.identification.algorithm = https
	ssl.engine.factory.class = null
	ssl.key.password = null
	ssl.keymanager.algorithm = SunX509
	ssl.keystore.certificate.chain = null
	ssl.keystore.key = null
	ssl.keystore.location = null
	ssl.keystore.password = null
	ssl.keystore.type = JKS
	ssl.protocol = TLSv1.3
	ssl.provider = null
	ssl.secure.random.implementation = null
	ssl.trustmanager.algorithm = PKIX
	ssl.truststore.certificates = null
	ssl.truststore.location = null
	ssl.truststore.password = null
	ssl.truststore.type = JKS
	value.deserializer = class org.apache.kafka.common.serialization.ByteArrayDeserializer
 (org.apache.kafka.common.config.AbstractConfig:380)
[2026-05-12 00:23:04,621] INFO [clickhouse-sink-connector|task-0] initializing Kafka metrics collector (org.apache.kafka.common.telemetry.internals.KafkaMetricsCollector:270)
[2026-05-12 00:23:04,651] INFO [clickhouse-sink-connector|task-0] These configurations '[metrics.context.connect.kafka.cluster.id]' were supplied but are not used yet. (org.apache.kafka.common.config.AbstractConfig:389)
[2026-05-12 00:23:04,651] INFO [clickhouse-sink-connector|task-0] Kafka version: 4.1.1 (org.apache.kafka.common.utils.AppInfoParser:125)
[2026-05-12 00:23:04,651] INFO [clickhouse-sink-connector|task-0] Kafka commitId: be816b82d25370ce (org.apache.kafka.common.utils.AppInfoParser:126)
[2026-05-12 00:23:04,651] INFO [clickhouse-sink-connector|task-0] Kafka startTimeMs: 1778525584651 (org.apache.kafka.common.utils.AppInfoParser:127)
[2026-05-12 00:23:04,663] INFO [clickhouse-sink-connector|task-1] Creating task clickhouse-sink-connector-1 (org.apache.kafka.connect.runtime.Worker:677)
[2026-05-12 00:23:04,664] INFO [clickhouse-sink-connector|task-1] ConnectorConfig values: 
	config.action.reload = restart
	connector.class = com.clickhouse.kafka.connect.ClickHouseSinkConnector
	connector.plugin.version = null
	errors.log.enable = false
	errors.log.include.messages = false
	errors.retry.delay.max.ms = 60000
	errors.retry.timeout = 0
	errors.tolerance = none
	header.converter = null
	header.converter.plugin.version = null
	key.converter = null
	key.converter.plugin.version = null
	name = clickhouse-sink-connector
	predicates = []
	tasks.max = 2
	tasks.max.enforce = true
	transforms = []
	value.converter = null
	value.converter.plugin.version = null
 (org.apache.kafka.common.config.AbstractConfig:380)
[2026-05-12 00:23:04,665] INFO [clickhouse-sink-connector|task-1] EnrichedConnectorConfig values: 
	config.action.reload = restart
	connector.class = com.clickhouse.kafka.connect.ClickHouseSinkConnector
	connector.plugin.version = null
	errors.log.enable = false
	errors.log.include.messages = false
	errors.retry.delay.max.ms = 60000
	errors.retry.timeout = 0
	errors.tolerance = none
	header.converter = null
	header.converter.plugin.version = null
	key.converter = null
	key.converter.plugin.version = null
	name = clickhouse-sink-connector
	predicates = []
	tasks.max = 2
	tasks.max.enforce = true
	transforms = []
	value.converter = null
	value.converter.plugin.version = null
 (org.apache.kafka.common.config.AbstractConfig:380)
[2026-05-12 00:23:04,665] INFO [clickhouse-sink-connector|task-0] [Consumer clientId=connector-consumer-clickhouse-sink-connector-0, groupId=connect-clickhouse-sink-connector] Subscribed to topic(s): internet-quality, router-metrics (org.apache.kafka.clients.consumer.internals.ClassicKafkaConsumer:504)
[2026-05-12 00:23:04,665] INFO [clickhouse-sink-connector|task-1] TaskConfig values: 
	task.class = class com.clickhouse.kafka.connect.sink.ClickHouseSinkTask
 (org.apache.kafka.common.config.AbstractConfig:380)
[2026-05-12 00:23:04,665] INFO [clickhouse-sink-connector|task-0] Start SinkTask:  (com.clickhouse.kafka.connect.sink.ClickHouseSinkTask:32)
[2026-05-12 00:23:04,665] INFO [clickhouse-sink-connector|task-1] Instantiated task clickhouse-sink-connector-1 with version 0.0.1 of type com.clickhouse.kafka.connect.sink.ClickHouseSinkTask (org.apache.kafka.connect.runtime.Worker:697)
[2026-05-12 00:23:04,665] INFO [clickhouse-sink-connector|task-1] StringConverterConfig values: 
	converter.encoding = UTF-8
	converter.type = key
 (org.apache.kafka.common.config.AbstractConfig:380)
[2026-05-12 00:23:04,665] INFO [clickhouse-sink-connector|task-1] Set up the key converter class org.apache.kafka.connect.storage.StringConverter for task clickhouse-sink-connector-1 using the worker config (org.apache.kafka.connect.runtime.Worker:710)
[2026-05-12 00:23:04,665] INFO [clickhouse-sink-connector|task-0] Errant record reporter not configured. (com.clickhouse.kafka.connect.sink.ClickHouseSinkTask:97)
[2026-05-12 00:23:04,665] INFO [clickhouse-sink-connector|task-1] JsonConverterConfig values: 
	converter.type = value
	decimal.format = BASE64
	replace.null.with.default = true
	schemas.cache.size = 1000
	schemas.enable = false
 (org.apache.kafka.common.config.AbstractConfig:380)
[2026-05-12 00:23:04,665] INFO [clickhouse-sink-connector|task-1] Set up the value converter class org.apache.kafka.connect.json.JsonConverter for task clickhouse-sink-connector-1 using the worker config (org.apache.kafka.connect.runtime.Worker:716)
[2026-05-12 00:23:04,665] INFO [clickhouse-sink-connector|task-1] Set up the header converter class org.apache.kafka.connect.storage.SimpleHeaderConverter for task clickhouse-sink-connector-1 using the worker config (org.apache.kafka.connect.runtime.Worker:722)
[2026-05-12 00:23:04,666] INFO [clickhouse-sink-connector|task-0] Enable ExactlyOnce? false (com.clickhouse.kafka.connect.sink.ProxySinkTask:46)
[2026-05-12 00:23:04,666] INFO [clickhouse-sink-connector|task-1] Initializing: org.apache.kafka.connect.runtime.TransformationChain{} (org.apache.kafka.connect.runtime.Worker:1854)
[2026-05-12 00:23:04,666] INFO [clickhouse-sink-connector|task-1] SinkConnectorConfig values: 
	config.action.reload = restart
	connector.class = com.clickhouse.kafka.connect.ClickHouseSinkConnector
	connector.plugin.version = null
	errors.deadletterqueue.context.headers.enable = false
	errors.deadletterqueue.topic.name = 
	errors.deadletterqueue.topic.replication.factor = 3
	errors.log.enable = false
	errors.log.include.messages = false
	errors.retry.delay.max.ms = 60000
	errors.retry.timeout = 0
	errors.tolerance = none
	header.converter = null
	header.converter.plugin.version = null
	key.converter = null
	key.converter.plugin.version = null
	name = clickhouse-sink-connector
	predicates = []
	tasks.max = 2
	tasks.max.enforce = true
	topics = [internet-quality, router-metrics]
	topics.regex = 
	transforms = []
	value.converter = null
	value.converter.plugin.version = null
 (org.apache.kafka.common.config.AbstractConfig:380)
[2026-05-12 00:23:04,666] INFO [clickhouse-sink-connector|task-1] EnrichedConnectorConfig values: 
	config.action.reload = restart
	connector.class = com.clickhouse.kafka.connect.ClickHouseSinkConnector
	connector.plugin.version = null
	errors.deadletterqueue.context.headers.enable = false
	errors.deadletterqueue.topic.name = 
	errors.deadletterqueue.topic.replication.factor = 3
	errors.log.enable = false
	errors.log.include.messages = false
	errors.retry.delay.max.ms = 60000
	errors.retry.timeout = 0
	errors.tolerance = none
	header.converter = null
	header.converter.plugin.version = null
	key.converter = null
	key.converter.plugin.version = null
	name = clickhouse-sink-connector
	predicates = []
	tasks.max = 2
	tasks.max.enforce = true
	topics = [internet-quality, router-metrics]
	topics.regex = 
	transforms = []
	value.converter = null
	value.converter.plugin.version = null
 (org.apache.kafka.common.config.AbstractConfig:380)
[2026-05-12 00:23:04,666] INFO [clickhouse-sink-connector|task-0] Register MBean [com.clickhouse:type=ClickHouseKafkaConnector,name=SinkTask0,version=v1.3.5] (com.clickhouse.kafka.connect.sink.ProxySinkTask:52)
[2026-05-12 00:23:04,666] INFO [clickhouse-sink-connector|task-1] ConsumerConfig values: 
	allow.auto.create.topics = true
	auto.commit.interval.ms = 5000
	auto.offset.reset = earliest
	bootstrap.servers = [localhost:9092]
	check.crcs = true
	client.dns.lookup = use_all_dns_ips
	client.id = connector-consumer-clickhouse-sink-connector-1
	client.rack = 
	connections.max.idle.ms = 540000
	default.api.timeout.ms = 60000
	enable.auto.commit = false
	enable.metrics.push = true
	exclude.internal.topics = true
	fetch.max.bytes = 52428800
	fetch.max.wait.ms = 500
	fetch.min.bytes = 1
	group.id = connect-clickhouse-sink-connector
	group.instance.id = null
	group.protocol = classic
	group.remote.assignor = null
	heartbeat.interval.ms = 3000
	interceptor.classes = []
	internal.leave.group.on.close = true
	internal.throw.on.fetch.stable.offset.unsupported = false
	isolation.level = read_uncommitted
	key.deserializer = class org.apache.kafka.common.serialization.ByteArrayDeserializer
	max.partition.fetch.bytes = 1048576
	max.poll.interval.ms = 300000
	max.poll.records = 500
	metadata.max.age.ms = 300000
	metadata.recovery.rebootstrap.trigger.ms = 300000
	metadata.recovery.strategy = rebootstrap
	metric.reporters = [org.apache.kafka.common.metrics.JmxReporter]
	metrics.num.samples = 2
	metrics.recording.level = INFO
	metrics.sample.window.ms = 30000
	partition.assignment.strategy = [class org.apache.kafka.clients.consumer.RangeAssignor, class org.apache.kafka.clients.consumer.CooperativeStickyAssignor]
	receive.buffer.bytes = 65536
	reconnect.backoff.max.ms = 1000
	reconnect.backoff.ms = 50
	request.timeout.ms = 30000
	retry.backoff.max.ms = 1000
	retry.backoff.ms = 100
	sasl.client.callback.handler.class = null
	sasl.jaas.config = null
	sasl.kerberos.kinit.cmd = /usr/bin/kinit
	sasl.kerberos.min.time.before.relogin = 60000
	sasl.kerberos.service.name = null
	sasl.kerberos.ticket.renew.jitter = 0.05
	sasl.kerberos.ticket.renew.window.factor = 0.8
	sasl.login.callback.handler.class = null
	sasl.login.class = null
	sasl.login.connect.timeout.ms = null
	sasl.login.read.timeout.ms = null
	sasl.login.refresh.buffer.seconds = 300
	sasl.login.refresh.min.period.seconds = 60
	sasl.login.refresh.window.factor = 0.8
	sasl.login.refresh.window.jitter = 0.05
	sasl.login.retry.backoff.max.ms = 10000
	sasl.login.retry.backoff.ms = 100
	sasl.mechanism = GSSAPI
	sasl.oauthbearer.assertion.algorithm = RS256
	sasl.oauthbearer.assertion.claim.aud = null
	sasl.oauthbearer.assertion.claim.exp.seconds = 300
	sasl.oauthbearer.assertion.claim.iss = null
	sasl.oauthbearer.assertion.claim.jti.include = false
	sasl.oauthbearer.assertion.claim.nbf.seconds = 60
	sasl.oauthbearer.assertion.claim.sub = null
	sasl.oauthbearer.assertion.file = null
	sasl.oauthbearer.assertion.private.key.file = null
	sasl.oauthbearer.assertion.private.key.passphrase = null
	sasl.oauthbearer.assertion.template.file = null
	sasl.oauthbearer.client.credentials.client.id = null
	sasl.oauthbearer.client.credentials.client.secret = null
	sasl.oauthbearer.clock.skew.seconds = 30
	sasl.oauthbearer.expected.audience = null
	sasl.oauthbearer.expected.issuer = null
	sasl.oauthbearer.header.urlencode = false
	sasl.oauthbearer.jwks.endpoint.refresh.ms = 3600000
	sasl.oauthbearer.jwks.endpoint.retry.backoff.max.ms = 10000
	sasl.oauthbearer.jwks.endpoint.retry.backoff.ms = 100
	sasl.oauthbearer.jwks.endpoint.url = null
	sasl.oauthbearer.jwt.retriever.class = class org.apache.kafka.common.security.oauthbearer.DefaultJwtRetriever
	sasl.oauthbearer.jwt.validator.class = class org.apache.kafka.common.security.oauthbearer.DefaultJwtValidator
	sasl.oauthbearer.scope = null
	sasl.oauthbearer.scope.claim.name = scope
	sasl.oauthbearer.sub.claim.name = sub
	sasl.oauthbearer.token.endpoint.url = null
	security.protocol = PLAINTEXT
	security.providers = null
	send.buffer.bytes = 131072
	session.timeout.ms = 45000
	share.acknowledgement.mode = implicit
	socket.connection.setup.timeout.max.ms = 30000
	socket.connection.setup.timeout.ms = 10000
	ssl.cipher.suites = null
	ssl.enabled.protocols = [TLSv1.2, TLSv1.3]
	ssl.endpoint.identification.algorithm = https
	ssl.engine.factory.class = null
	ssl.key.password = null
	ssl.keymanager.algorithm = SunX509
	ssl.keystore.certificate.chain = null
	ssl.keystore.key = null
	ssl.keystore.location = null
	ssl.keystore.password = null
	ssl.keystore.type = JKS
	ssl.protocol = TLSv1.3
	ssl.provider = null
	ssl.secure.random.implementation = null
	ssl.trustmanager.algorithm = PKIX
	ssl.truststore.certificates = null
	ssl.truststore.location = null
	ssl.truststore.password = null
	ssl.truststore.type = JKS
	value.deserializer = class org.apache.kafka.common.serialization.ByteArrayDeserializer
 (org.apache.kafka.common.config.AbstractConfig:380)
[2026-05-12 00:23:04,667] INFO [clickhouse-sink-connector|task-1] initializing Kafka metrics collector (org.apache.kafka.common.telemetry.internals.KafkaMetricsCollector:270)
[2026-05-12 00:23:04,669] INFO [clickhouse-sink-connector|task-0] ClickHouse URL: http://localhost:8123/default? (com.clickhouse.kafka.connect.sink.db.helper.ClickHouseHelperClient:147)
[2026-05-12 00:23:04,670] INFO [clickhouse-sink-connector|task-1] These configurations '[metrics.context.connect.kafka.cluster.id]' were supplied but are not used yet. (org.apache.kafka.common.config.AbstractConfig:389)
[2026-05-12 00:23:04,670] INFO [clickhouse-sink-connector|task-1] Kafka version: 4.1.1 (org.apache.kafka.common.utils.AppInfoParser:125)
[2026-05-12 00:23:04,670] INFO [clickhouse-sink-connector|task-1] Kafka commitId: be816b82d25370ce (org.apache.kafka.common.utils.AppInfoParser:126)
[2026-05-12 00:23:04,670] INFO [clickhouse-sink-connector|task-1] Kafka startTimeMs: 1778525584670 (org.apache.kafka.common.utils.AppInfoParser:127)
[2026-05-12 00:23:04,671] INFO Created connector clickhouse-sink-connector (org.apache.kafka.connect.cli.ConnectStandalone:89)
[2026-05-12 00:23:04,671] INFO [clickhouse-sink-connector|task-1] [Consumer clientId=connector-consumer-clickhouse-sink-connector-1, groupId=connect-clickhouse-sink-connector] Subscribed to topic(s): internet-quality, router-metrics (org.apache.kafka.clients.consumer.internals.ClassicKafkaConsumer:504)
[2026-05-12 00:23:04,671] INFO [clickhouse-sink-connector|task-1] Start SinkTask:  (com.clickhouse.kafka.connect.sink.ClickHouseSinkTask:32)
[2026-05-12 00:23:04,671] INFO [clickhouse-sink-connector|task-1] Errant record reporter not configured. (com.clickhouse.kafka.connect.sink.ClickHouseSinkTask:97)
[2026-05-12 00:23:04,671] INFO [clickhouse-sink-connector|task-1] Enable ExactlyOnce? false (com.clickhouse.kafka.connect.sink.ProxySinkTask:46)
[2026-05-12 00:23:04,671] INFO [clickhouse-sink-connector|task-1] Register MBean [com.clickhouse:type=ClickHouseKafkaConnector,name=SinkTask1,version=v1.3.5] (com.clickhouse.kafka.connect.sink.ProxySinkTask:52)
[2026-05-12 00:23:04,671] INFO [clickhouse-sink-connector|task-1] ClickHouse URL: http://localhost:8123/default? (com.clickhouse.kafka.connect.sink.db.helper.ClickHouseHelperClient:147)
[2026-05-12 00:23:04,716] INFO [clickhouse-sink-connector|task-1] ClickHouse URL: http://localhost:8123/default? (com.clickhouse.kafka.connect.sink.db.helper.ClickHouseHelperClient:117)
[2026-05-12 00:23:04,716] INFO [clickhouse-sink-connector|task-0] ClickHouse URL: http://localhost:8123/default? (com.clickhouse.kafka.connect.sink.db.helper.ClickHouseHelperClient:117)
[2026-05-12 00:23:04,887] INFO [clickhouse-sink-connector|task-0] Default socket buffer (rcv/snd) size: 131072/131072, max socket buffer (rcv/snd) size: 6710884/6710884 (com.clickhouse.client.http.ApacheHttpConnectionImpl$HttpConnectionManager:115)
[2026-05-12 00:23:04,935] INFO [clickhouse-sink-connector|task-0] Ping was successful. (com.clickhouse.kafka.connect.sink.db.helper.ClickHouseHelperClient:182)
[2026-05-12 00:23:04,935] INFO [clickhouse-sink-connector|task-1] Ping was successful. (com.clickhouse.kafka.connect.sink.db.helper.ClickHouseHelperClient:182)
[2026-05-12 00:23:04,945] INFO [clickhouse-sink-connector|task-0] Connected to ClickHouse version: 25.9.1.1827 (com.clickhouse.kafka.connect.sink.db.ClickHouseWriter:122)
[2026-05-12 00:23:04,945] INFO [clickhouse-sink-connector|task-1] Connected to ClickHouse version: 25.9.1.1827 (com.clickhouse.kafka.connect.sink.db.ClickHouseWriter:122)
[2026-05-12 00:23:05,107] INFO [clickhouse-sink-connector|task-1] WorkerSinkTask{id=clickhouse-sink-connector-1} Sink task finished initialization and start (org.apache.kafka.connect.runtime.WorkerSinkTask:340)
[2026-05-12 00:23:05,107] INFO [clickhouse-sink-connector|task-1] WorkerSinkTask{id=clickhouse-sink-connector-1} Executing sink task (org.apache.kafka.connect.runtime.WorkerSinkTask:221)
[2026-05-12 00:23:05,109] INFO [clickhouse-sink-connector|task-0] WorkerSinkTask{id=clickhouse-sink-connector-0} Sink task finished initialization and start (org.apache.kafka.connect.runtime.WorkerSinkTask:340)
[2026-05-12 00:23:05,109] INFO [clickhouse-sink-connector|task-0] WorkerSinkTask{id=clickhouse-sink-connector-0} Executing sink task (org.apache.kafka.connect.runtime.WorkerSinkTask:221)
[2026-05-12 00:23:05,117] INFO [clickhouse-sink-connector|task-0] [Consumer clientId=connector-consumer-clickhouse-sink-connector-0, groupId=connect-clickhouse-sink-connector] Cluster ID: 7zqQl3RwTam55Uu5EZOblw (org.apache.kafka.clients.Metadata:365)
[2026-05-12 00:23:05,117] INFO [clickhouse-sink-connector|task-1] [Consumer clientId=connector-consumer-clickhouse-sink-connector-1, groupId=connect-clickhouse-sink-connector] Cluster ID: 7zqQl3RwTam55Uu5EZOblw (org.apache.kafka.clients.Metadata:365)
[2026-05-12 00:23:05,120] INFO [clickhouse-sink-connector|task-0] [Consumer clientId=connector-consumer-clickhouse-sink-connector-0, groupId=connect-clickhouse-sink-connector] Discovered group coordinator localhost:9092 (id: 2147483646 rack: null isFenced: false) (org.apache.kafka.clients.consumer.internals.ConsumerCoordinator:943)
[2026-05-12 00:23:05,120] INFO [clickhouse-sink-connector|task-1] [Consumer clientId=connector-consumer-clickhouse-sink-connector-1, groupId=connect-clickhouse-sink-connector] Discovered group coordinator localhost:9092 (id: 2147483646 rack: null isFenced: false) (org.apache.kafka.clients.consumer.internals.ConsumerCoordinator:943)
[2026-05-12 00:23:05,121] INFO [clickhouse-sink-connector|task-0] [Consumer clientId=connector-consumer-clickhouse-sink-connector-0, groupId=connect-clickhouse-sink-connector] (Re-)joining group (org.apache.kafka.clients.consumer.internals.ConsumerCoordinator:611)
[2026-05-12 00:23:05,121] INFO [clickhouse-sink-connector|task-1] [Consumer clientId=connector-consumer-clickhouse-sink-connector-1, groupId=connect-clickhouse-sink-connector] (Re-)joining group (org.apache.kafka.clients.consumer.internals.ConsumerCoordinator:611)
[2026-05-12 00:23:05,137] INFO [clickhouse-sink-connector|task-1] [Consumer clientId=connector-consumer-clickhouse-sink-connector-1, groupId=connect-clickhouse-sink-connector] Request joining group due to: need to re-join with the given member-id: connector-consumer-clickhouse-sink-connector-1-e8ca60a6-6b6b-40ad-a370-3d88e2484d0d (org.apache.kafka.clients.consumer.internals.ConsumerCoordinator:1109)
[2026-05-12 00:23:05,137] INFO [clickhouse-sink-connector|task-1] [Consumer clientId=connector-consumer-clickhouse-sink-connector-1, groupId=connect-clickhouse-sink-connector] (Re-)joining group (org.apache.kafka.clients.consumer.internals.ConsumerCoordinator:611)
[2026-05-12 00:23:05,146] INFO [clickhouse-sink-connector|task-0] [Consumer clientId=connector-consumer-clickhouse-sink-connector-0, groupId=connect-clickhouse-sink-connector] Request joining group due to: need to re-join with the given member-id: connector-consumer-clickhouse-sink-connector-0-e4a28fdc-24d6-412d-b5a3-992e593f0090 (org.apache.kafka.clients.consumer.internals.ConsumerCoordinator:1109)
[2026-05-12 00:23:05,146] INFO [clickhouse-sink-connector|task-0] [Consumer clientId=connector-consumer-clickhouse-sink-connector-0, groupId=connect-clickhouse-sink-connector] (Re-)joining group (org.apache.kafka.clients.consumer.internals.ConsumerCoordinator:611)
[2026-05-12 00:23:07,279] INFO 127.0.0.1 - - [11/May/2026:18:53:07 +0000] "GET /connectors HTTP/1.1" 200 29 "" "curl/8.7.1" 55 (org.apache.kafka.connect.runtime.rest.RestServer:57)
[2026-05-12 00:23:11,201] INFO 127.0.0.1 - - [11/May/2026:18:53:11 +0000] "GET /connectors/clickhouse-sink-connector/status HTTP/1.1" 200 288 "" "curl/8.7.1" 28 (org.apache.kafka.connect.runtime.rest.RestServer:57)
[2026-05-12 00:23:11,235] INFO [clickhouse-sink-connector|task-1] [Consumer clientId=connector-consumer-clickhouse-sink-connector-1, groupId=connect-clickhouse-sink-connector] Successfully joined group with generation Generation{generationId=1, memberId='connector-consumer-clickhouse-sink-connector-1-e8ca60a6-6b6b-40ad-a370-3d88e2484d0d', protocol='range'} (org.apache.kafka.clients.consumer.internals.ConsumerCoordinator:672)
[2026-05-12 00:23:11,235] INFO [clickhouse-sink-connector|task-0] [Consumer clientId=connector-consumer-clickhouse-sink-connector-0, groupId=connect-clickhouse-sink-connector] Successfully joined group with generation Generation{generationId=1, memberId='connector-consumer-clickhouse-sink-connector-0-e4a28fdc-24d6-412d-b5a3-992e593f0090', protocol='range'} (org.apache.kafka.clients.consumer.internals.ConsumerCoordinator:672)
[2026-05-12 00:23:11,247] INFO [clickhouse-sink-connector|task-1] [Consumer clientId=connector-consumer-clickhouse-sink-connector-1, groupId=connect-clickhouse-sink-connector] Finished assignment for group at generation 1: {connector-consumer-clickhouse-sink-connector-1-e8ca60a6-6b6b-40ad-a370-3d88e2484d0d=Assignment(partitions=[]), connector-consumer-clickhouse-sink-connector-0-e4a28fdc-24d6-412d-b5a3-992e593f0090=Assignment(partitions=[router-metrics-0, internet-quality-0])} (org.apache.kafka.clients.consumer.internals.ConsumerCoordinator:703)
[2026-05-12 00:23:11,276] INFO [clickhouse-sink-connector|task-1] [Consumer clientId=connector-consumer-clickhouse-sink-connector-1, groupId=connect-clickhouse-sink-connector] Successfully synced group in generation Generation{generationId=1, memberId='connector-consumer-clickhouse-sink-connector-1-e8ca60a6-6b6b-40ad-a370-3d88e2484d0d', protocol='range'} (org.apache.kafka.clients.consumer.internals.ConsumerCoordinator:849)
[2026-05-12 00:23:11,276] INFO [clickhouse-sink-connector|task-0] [Consumer clientId=connector-consumer-clickhouse-sink-connector-0, groupId=connect-clickhouse-sink-connector] Successfully synced group in generation Generation{generationId=1, memberId='connector-consumer-clickhouse-sink-connector-0-e4a28fdc-24d6-412d-b5a3-992e593f0090', protocol='range'} (org.apache.kafka.clients.consumer.internals.ConsumerCoordinator:849)
[2026-05-12 00:23:11,277] INFO [clickhouse-sink-connector|task-0] [Consumer clientId=connector-consumer-clickhouse-sink-connector-0, groupId=connect-clickhouse-sink-connector] Notifying assignor about the new Assignment(partitions=[router-metrics-0, internet-quality-0]) (org.apache.kafka.clients.consumer.internals.ConsumerCoordinator:363)
[2026-05-12 00:23:11,277] INFO [clickhouse-sink-connector|task-1] [Consumer clientId=connector-consumer-clickhouse-sink-connector-1, groupId=connect-clickhouse-sink-connector] Notifying assignor about the new Assignment(partitions=[]) (org.apache.kafka.clients.consumer.internals.ConsumerCoordinator:363)
[2026-05-12 00:23:11,277] INFO [clickhouse-sink-connector|task-1] [Consumer clientId=connector-consumer-clickhouse-sink-connector-1, groupId=connect-clickhouse-sink-connector] Adding newly assigned partitions: [] (org.apache.kafka.clients.consumer.internals.ConsumerRebalanceListenerInvoker:57)
[2026-05-12 00:23:11,278] INFO [clickhouse-sink-connector|task-0] [Consumer clientId=connector-consumer-clickhouse-sink-connector-0, groupId=connect-clickhouse-sink-connector] Adding newly assigned partitions: [internet-quality-0, router-metrics-0] (org.apache.kafka.clients.consumer.internals.ConsumerRebalanceListenerInvoker:57)
[2026-05-12 00:23:11,281] INFO [clickhouse-sink-connector|task-0] [Consumer clientId=connector-consumer-clickhouse-sink-connector-0, groupId=connect-clickhouse-sink-connector] Found no committed offset for partition router-metrics-0 (org.apache.kafka.clients.consumer.internals.ConsumerCoordinator:1573)
[2026-05-12 00:23:11,281] INFO [clickhouse-sink-connector|task-0] [Consumer clientId=connector-consumer-clickhouse-sink-connector-0, groupId=connect-clickhouse-sink-connector] Found no committed offset for partition internet-quality-0 (org.apache.kafka.clients.consumer.internals.ConsumerCoordinator:1573)
[2026-05-12 00:23:11,302] INFO [clickhouse-sink-connector|task-0] [Consumer clientId=connector-consumer-clickhouse-sink-connector-0, groupId=connect-clickhouse-sink-connector] Resetting offset for partition router-metrics-0 to position FetchPosition{offset=0, offsetEpoch=Optional.empty, currentLeader=LeaderAndEpoch{leader=Optional[localhost:9092 (id: 1 rack: null isFenced: false)], epoch=536}}. (org.apache.kafka.clients.consumer.internals.SubscriptionState:457)
[2026-05-12 00:23:11,303] INFO [clickhouse-sink-connector|task-0] [Consumer clientId=connector-consumer-clickhouse-sink-connector-0, groupId=connect-clickhouse-sink-connector] Resetting offset for partition internet-quality-0 to position FetchPosition{offset=43, offsetEpoch=Optional.empty, currentLeader=LeaderAndEpoch{leader=Optional[localhost:9092 (id: 1 rack: null isFenced: false)], epoch=4500}}. (org.apache.kafka.clients.consumer.internals.SubscriptionState:457)
[2026-05-12 00:23:47,483] INFO 127.0.0.1 - - [11/May/2026:18:53:47 +0000] "GET /connectors/clickhouse-sink-connector/config HTTP/1.1" 200 452 "" "curl/8.7.1" 27 (org.apache.kafka.connect.runtime.rest.RestServer:57)
[2026-05-12 00:23:51,529] INFO Validating connector com.clickhouse.kafka.connect.ClickHouseSinkConnector, version v1.3.5 (org.apache.kafka.connect.runtime.AbstractHerder:847)
[2026-05-12 00:23:51,531] INFO AbstractConfig values: 
 (org.apache.kafka.common.config.AbstractConfig:380)
[2026-05-12 00:23:51,531] INFO [clickhouse-sink-connector|worker] Stopping connector clickhouse-sink-connector (org.apache.kafka.connect.runtime.Worker:467)
[2026-05-12 00:23:51,531] INFO [clickhouse-sink-connector|worker] Scheduled shutdown for WorkerConnector{id=clickhouse-sink-connector} (org.apache.kafka.connect.runtime.WorkerConnector:298)
[2026-05-12 00:23:51,532] INFO [clickhouse-sink-connector|worker] stop SinkConnect (com.clickhouse.kafka.connect.ClickHouseSinkConnector:76)
[2026-05-12 00:23:51,532] INFO [clickhouse-sink-connector|worker] Completed shutdown for WorkerConnector{id=clickhouse-sink-connector} (org.apache.kafka.connect.runtime.WorkerConnector:318)
[2026-05-12 00:23:51,533] INFO [clickhouse-sink-connector|worker] Creating connector clickhouse-sink-connector of type com.clickhouse.kafka.connect.ClickHouseSinkConnector (org.apache.kafka.connect.runtime.Worker:325)
[2026-05-12 00:23:51,533] INFO [clickhouse-sink-connector|worker] SinkConnectorConfig values: 
	config.action.reload = restart
	connector.class = com.clickhouse.kafka.connect.ClickHouseSinkConnector
	connector.plugin.version = null
	errors.deadletterqueue.context.headers.enable = false
	errors.deadletterqueue.topic.name = 
	errors.deadletterqueue.topic.replication.factor = 3
	errors.log.enable = false
	errors.log.include.messages = false
	errors.retry.delay.max.ms = 60000
	errors.retry.timeout = 0
	errors.tolerance = none
	header.converter = null
	header.converter.plugin.version = null
	key.converter = null
	key.converter.plugin.version = null
	name = clickhouse-sink-connector
	predicates = []
	tasks.max = 2
	tasks.max.enforce = true
	topics = [router-metrics]
	topics.regex = 
	transforms = []
	value.converter = null
	value.converter.plugin.version = null
 (org.apache.kafka.common.config.AbstractConfig:380)
[2026-05-12 00:23:51,533] INFO [clickhouse-sink-connector|worker] EnrichedConnectorConfig values: 
	config.action.reload = restart
	connector.class = com.clickhouse.kafka.connect.ClickHouseSinkConnector
	connector.plugin.version = null
	errors.deadletterqueue.context.headers.enable = false
	errors.deadletterqueue.topic.name = 
	errors.deadletterqueue.topic.replication.factor = 3
	errors.log.enable = false
	errors.log.include.messages = false
	errors.retry.delay.max.ms = 60000
	errors.retry.timeout = 0
	errors.tolerance = none
	header.converter = null
	header.converter.plugin.version = null
	key.converter = null
	key.converter.plugin.version = null
	name = clickhouse-sink-connector
	predicates = []
	tasks.max = 2
	tasks.max.enforce = true
	topics = [router-metrics]
	topics.regex = 
	transforms = []
	value.converter = null
	value.converter.plugin.version = null
 (org.apache.kafka.common.config.AbstractConfig:380)
[2026-05-12 00:23:51,533] INFO [clickhouse-sink-connector|worker] Instantiated connector clickhouse-sink-connector with version v1.3.5 of type class com.clickhouse.kafka.connect.ClickHouseSinkConnector (org.apache.kafka.connect.runtime.Worker:349)
[2026-05-12 00:23:51,533] INFO [clickhouse-sink-connector|worker] Finished creating connector clickhouse-sink-connector (org.apache.kafka.connect.runtime.Worker:371)
[2026-05-12 00:23:51,533] INFO [clickhouse-sink-connector|worker] Starting SinkConnect... (com.clickhouse.kafka.connect.ClickHouseSinkConnector:55)
[2026-05-12 00:23:51,533] INFO [clickhouse-sink-connector|worker] Version: v1.3.5 (com.clickhouse.kafka.connect.ClickHouseSinkConnector:56)
[2026-05-12 00:23:51,533] INFO SinkConnectorConfig values: 
	config.action.reload = restart
	connector.class = com.clickhouse.kafka.connect.ClickHouseSinkConnector
	connector.plugin.version = null
	errors.deadletterqueue.context.headers.enable = false
	errors.deadletterqueue.topic.name = 
	errors.deadletterqueue.topic.replication.factor = 3
	errors.log.enable = false
	errors.log.include.messages = false
	errors.retry.delay.max.ms = 60000
	errors.retry.timeout = 0
	errors.tolerance = none
	header.converter = null
	header.converter.plugin.version = null
	key.converter = null
	key.converter.plugin.version = null
	name = clickhouse-sink-connector
	predicates = []
	tasks.max = 2
	tasks.max.enforce = true
	topics = [router-metrics]
	topics.regex = 
	transforms = []
	value.converter = null
	value.converter.plugin.version = null
 (org.apache.kafka.common.config.AbstractConfig:380)
[2026-05-12 00:23:51,534] INFO EnrichedConnectorConfig values: 
	config.action.reload = restart
	connector.class = com.clickhouse.kafka.connect.ClickHouseSinkConnector
	connector.plugin.version = null
	errors.deadletterqueue.context.headers.enable = false
	errors.deadletterqueue.topic.name = 
	errors.deadletterqueue.topic.replication.factor = 3
	errors.log.enable = false
	errors.log.include.messages = false
	errors.retry.delay.max.ms = 60000
	errors.retry.timeout = 0
	errors.tolerance = none
	header.converter = null
	header.converter.plugin.version = null
	key.converter = null
	key.converter.plugin.version = null
	name = clickhouse-sink-connector
	predicates = []
	tasks.max = 2
	tasks.max.enforce = true
	topics = [router-metrics]
	topics.regex = 
	transforms = []
	value.converter = null
	value.converter.plugin.version = null
 (org.apache.kafka.common.config.AbstractConfig:380)
[2026-05-12 00:23:51,534] INFO [clickhouse-sink-connector|task-0] Stopping task clickhouse-sink-connector-0 (org.apache.kafka.connect.runtime.Worker:1078)
[2026-05-12 00:23:51,534] INFO [clickhouse-sink-connector|task-1] Stopping task clickhouse-sink-connector-1 (org.apache.kafka.connect.runtime.Worker:1078)
[2026-05-12 00:23:51,535] INFO [clickhouse-sink-connector|task-1] Unregister MBean [com.clickhouse:type=ClickHouseKafkaConnector,name=SinkTask1,version=v1.3.5] (com.clickhouse.kafka.connect.sink.ProxySinkTask:58)
[2026-05-12 00:23:51,535] INFO [clickhouse-sink-connector|task-0] Unregister MBean [com.clickhouse:type=ClickHouseKafkaConnector,name=SinkTask0,version=v1.3.5] (com.clickhouse.kafka.connect.sink.ProxySinkTask:58)
[2026-05-12 00:23:51,538] INFO [clickhouse-sink-connector|task-1] [Consumer clientId=connector-consumer-clickhouse-sink-connector-1, groupId=connect-clickhouse-sink-connector] Member connector-consumer-clickhouse-sink-connector-1-e8ca60a6-6b6b-40ad-a370-3d88e2484d0d sending LeaveGroup request to coordinator localhost:9092 (id: 2147483646 rack: null isFenced: false) due to the consumer is being closed (org.apache.kafka.clients.consumer.internals.ConsumerCoordinator:1174)
[2026-05-12 00:23:51,538] INFO [clickhouse-sink-connector|task-0] [Consumer clientId=connector-consumer-clickhouse-sink-connector-0, groupId=connect-clickhouse-sink-connector] Revoke previously assigned partitions [internet-quality-0, router-metrics-0] (org.apache.kafka.clients.consumer.internals.ConsumerRebalanceListenerInvoker:83)
[2026-05-12 00:23:51,539] INFO [clickhouse-sink-connector|task-0] [Consumer clientId=connector-consumer-clickhouse-sink-connector-0, groupId=connect-clickhouse-sink-connector] Member connector-consumer-clickhouse-sink-connector-0-e4a28fdc-24d6-412d-b5a3-992e593f0090 sending LeaveGroup request to coordinator localhost:9092 (id: 2147483646 rack: null isFenced: false) due to the consumer is being closed (org.apache.kafka.clients.consumer.internals.ConsumerCoordinator:1174)
[2026-05-12 00:23:51,539] INFO [clickhouse-sink-connector|task-1] [Consumer clientId=connector-consumer-clickhouse-sink-connector-1, groupId=connect-clickhouse-sink-connector] Resetting generation and member id due to: consumer pro-actively leaving the group (org.apache.kafka.clients.consumer.internals.ConsumerCoordinator:1062)
[2026-05-12 00:23:51,539] INFO [clickhouse-sink-connector|task-1] [Consumer clientId=connector-consumer-clickhouse-sink-connector-1, groupId=connect-clickhouse-sink-connector] Request joining group due to: consumer pro-actively leaving the group (org.apache.kafka.clients.consumer.internals.ConsumerCoordinator:1109)
[2026-05-12 00:23:51,539] INFO [clickhouse-sink-connector|task-0] [Consumer clientId=connector-consumer-clickhouse-sink-connector-0, groupId=connect-clickhouse-sink-connector] Resetting generation and member id due to: consumer pro-actively leaving the group (org.apache.kafka.clients.consumer.internals.ConsumerCoordinator:1062)
[2026-05-12 00:23:51,539] INFO [clickhouse-sink-connector|task-0] [Consumer clientId=connector-consumer-clickhouse-sink-connector-0, groupId=connect-clickhouse-sink-connector] Request joining group due to: consumer pro-actively leaving the group (org.apache.kafka.clients.consumer.internals.ConsumerCoordinator:1109)
[2026-05-12 00:23:51,575] INFO [clickhouse-sink-connector|task-1] Metrics scheduler closed (org.apache.kafka.common.metrics.Metrics:684)
[2026-05-12 00:23:51,575] INFO [clickhouse-sink-connector|task-1] Closing reporter org.apache.kafka.common.metrics.JmxReporter (org.apache.kafka.common.metrics.Metrics:688)
[2026-05-12 00:23:51,575] INFO [clickhouse-sink-connector|task-1] Closing reporter org.apache.kafka.common.telemetry.internals.ClientTelemetryReporter (org.apache.kafka.common.metrics.Metrics:688)
[2026-05-12 00:23:51,575] INFO [clickhouse-sink-connector|task-1] Metrics reporters closed (org.apache.kafka.common.metrics.Metrics:694)
[2026-05-12 00:23:51,580] INFO [clickhouse-sink-connector|task-1] App info kafka.consumer for connector-consumer-clickhouse-sink-connector-1 unregistered (org.apache.kafka.common.utils.AppInfoParser:89)
[2026-05-12 00:23:51,692] INFO [clickhouse-sink-connector|task-0] Metrics scheduler closed (org.apache.kafka.common.metrics.Metrics:684)
[2026-05-12 00:23:51,692] INFO [clickhouse-sink-connector|task-0] Closing reporter org.apache.kafka.common.metrics.JmxReporter (org.apache.kafka.common.metrics.Metrics:688)
[2026-05-12 00:23:51,692] INFO [clickhouse-sink-connector|task-0] Closing reporter org.apache.kafka.common.telemetry.internals.ClientTelemetryReporter (org.apache.kafka.common.metrics.Metrics:688)
[2026-05-12 00:23:51,692] INFO [clickhouse-sink-connector|task-0] Metrics reporters closed (org.apache.kafka.common.metrics.Metrics:694)
[2026-05-12 00:23:51,695] INFO [clickhouse-sink-connector|task-0] App info kafka.consumer for connector-consumer-clickhouse-sink-connector-0 unregistered (org.apache.kafka.common.utils.AppInfoParser:89)
[2026-05-12 00:23:51,697] INFO [clickhouse-sink-connector|task-0] Creating task clickhouse-sink-connector-0 (org.apache.kafka.connect.runtime.Worker:677)
[2026-05-12 00:23:51,698] INFO [clickhouse-sink-connector|task-0] ConnectorConfig values: 
	config.action.reload = restart
	connector.class = com.clickhouse.kafka.connect.ClickHouseSinkConnector
	connector.plugin.version = null
	errors.log.enable = false
	errors.log.include.messages = false
	errors.retry.delay.max.ms = 60000
	errors.retry.timeout = 0
	errors.tolerance = none
	header.converter = null
	header.converter.plugin.version = null
	key.converter = null
	key.converter.plugin.version = null
	name = clickhouse-sink-connector
	predicates = []
	tasks.max = 2
	tasks.max.enforce = true
	transforms = []
	value.converter = null
	value.converter.plugin.version = null
 (org.apache.kafka.common.config.AbstractConfig:380)
[2026-05-12 00:23:51,698] INFO [clickhouse-sink-connector|task-0] EnrichedConnectorConfig values: 
	config.action.reload = restart
	connector.class = com.clickhouse.kafka.connect.ClickHouseSinkConnector
	connector.plugin.version = null
	errors.log.enable = false
	errors.log.include.messages = false
	errors.retry.delay.max.ms = 60000
	errors.retry.timeout = 0
	errors.tolerance = none
	header.converter = null
	header.converter.plugin.version = null
	key.converter = null
	key.converter.plugin.version = null
	name = clickhouse-sink-connector
	predicates = []
	tasks.max = 2
	tasks.max.enforce = true
	transforms = []
	value.converter = null
	value.converter.plugin.version = null
 (org.apache.kafka.common.config.AbstractConfig:380)
[2026-05-12 00:23:51,698] INFO [clickhouse-sink-connector|task-0] TaskConfig values: 
	task.class = class com.clickhouse.kafka.connect.sink.ClickHouseSinkTask
 (org.apache.kafka.common.config.AbstractConfig:380)
[2026-05-12 00:23:51,698] INFO [clickhouse-sink-connector|task-0] Instantiated task clickhouse-sink-connector-0 with version 0.0.1 of type com.clickhouse.kafka.connect.sink.ClickHouseSinkTask (org.apache.kafka.connect.runtime.Worker:697)
[2026-05-12 00:23:51,698] INFO [clickhouse-sink-connector|task-0] StringConverterConfig values: 
	converter.encoding = UTF-8
	converter.type = key
 (org.apache.kafka.common.config.AbstractConfig:380)
[2026-05-12 00:23:51,698] INFO [clickhouse-sink-connector|task-0] Set up the key converter class org.apache.kafka.connect.storage.StringConverter for task clickhouse-sink-connector-0 using the worker config (org.apache.kafka.connect.runtime.Worker:710)
[2026-05-12 00:23:51,698] INFO [clickhouse-sink-connector|task-0] JsonConverterConfig values: 
	converter.type = value
	decimal.format = BASE64
	replace.null.with.default = true
	schemas.cache.size = 1000
	schemas.enable = false
 (org.apache.kafka.common.config.AbstractConfig:380)
[2026-05-12 00:23:51,698] INFO [clickhouse-sink-connector|task-0] Set up the value converter class org.apache.kafka.connect.json.JsonConverter for task clickhouse-sink-connector-0 using the worker config (org.apache.kafka.connect.runtime.Worker:716)
[2026-05-12 00:23:51,698] INFO [clickhouse-sink-connector|task-0] Set up the header converter class org.apache.kafka.connect.storage.SimpleHeaderConverter for task clickhouse-sink-connector-0 using the worker config (org.apache.kafka.connect.runtime.Worker:722)
[2026-05-12 00:23:51,699] INFO [clickhouse-sink-connector|task-0] Initializing: org.apache.kafka.connect.runtime.TransformationChain{} (org.apache.kafka.connect.runtime.Worker:1854)
[2026-05-12 00:23:51,699] INFO [clickhouse-sink-connector|task-0] SinkConnectorConfig values: 
	config.action.reload = restart
	connector.class = com.clickhouse.kafka.connect.ClickHouseSinkConnector
	connector.plugin.version = null
	errors.deadletterqueue.context.headers.enable = false
	errors.deadletterqueue.topic.name = 
	errors.deadletterqueue.topic.replication.factor = 3
	errors.log.enable = false
	errors.log.include.messages = false
	errors.retry.delay.max.ms = 60000
	errors.retry.timeout = 0
	errors.tolerance = none
	header.converter = null
	header.converter.plugin.version = null
	key.converter = null
	key.converter.plugin.version = null
	name = clickhouse-sink-connector
	predicates = []
	tasks.max = 2
	tasks.max.enforce = true
	topics = [router-metrics]
	topics.regex = 
	transforms = []
	value.converter = null
	value.converter.plugin.version = null
 (org.apache.kafka.common.config.AbstractConfig:380)
[2026-05-12 00:23:51,699] INFO [clickhouse-sink-connector|task-0] EnrichedConnectorConfig values: 
	config.action.reload = restart
	connector.class = com.clickhouse.kafka.connect.ClickHouseSinkConnector
	connector.plugin.version = null
	errors.deadletterqueue.context.headers.enable = false
	errors.deadletterqueue.topic.name = 
	errors.deadletterqueue.topic.replication.factor = 3
	errors.log.enable = false
	errors.log.include.messages = false
	errors.retry.delay.max.ms = 60000
	errors.retry.timeout = 0
	errors.tolerance = none
	header.converter = null
	header.converter.plugin.version = null
	key.converter = null
	key.converter.plugin.version = null
	name = clickhouse-sink-connector
	predicates = []
	tasks.max = 2
	tasks.max.enforce = true
	topics = [router-metrics]
	topics.regex = 
	transforms = []
	value.converter = null
	value.converter.plugin.version = null
 (org.apache.kafka.common.config.AbstractConfig:380)
[2026-05-12 00:23:51,699] INFO [clickhouse-sink-connector|task-0] ConsumerConfig values: 
	allow.auto.create.topics = true
	auto.commit.interval.ms = 5000
	auto.offset.reset = earliest
	bootstrap.servers = [localhost:9092]
	check.crcs = true
	client.dns.lookup = use_all_dns_ips
	client.id = connector-consumer-clickhouse-sink-connector-0
	client.rack = 
	connections.max.idle.ms = 540000
	default.api.timeout.ms = 60000
	enable.auto.commit = false
	enable.metrics.push = true
	exclude.internal.topics = true
	fetch.max.bytes = 52428800
	fetch.max.wait.ms = 500
	fetch.min.bytes = 1
	group.id = connect-clickhouse-sink-connector
	group.instance.id = null
	group.protocol = classic
	group.remote.assignor = null
	heartbeat.interval.ms = 3000
	interceptor.classes = []
	internal.leave.group.on.close = true
	internal.throw.on.fetch.stable.offset.unsupported = false
	isolation.level = read_uncommitted
	key.deserializer = class org.apache.kafka.common.serialization.ByteArrayDeserializer
	max.partition.fetch.bytes = 1048576
	max.poll.interval.ms = 300000
	max.poll.records = 500
	metadata.max.age.ms = 300000
	metadata.recovery.rebootstrap.trigger.ms = 300000
	metadata.recovery.strategy = rebootstrap
	metric.reporters = [org.apache.kafka.common.metrics.JmxReporter]
	metrics.num.samples = 2
	metrics.recording.level = INFO
	metrics.sample.window.ms = 30000
	partition.assignment.strategy = [class org.apache.kafka.clients.consumer.RangeAssignor, class org.apache.kafka.clients.consumer.CooperativeStickyAssignor]
	receive.buffer.bytes = 65536
	reconnect.backoff.max.ms = 1000
	reconnect.backoff.ms = 50
	request.timeout.ms = 30000
	retry.backoff.max.ms = 1000
	retry.backoff.ms = 100
	sasl.client.callback.handler.class = null
	sasl.jaas.config = null
	sasl.kerberos.kinit.cmd = /usr/bin/kinit
	sasl.kerberos.min.time.before.relogin = 60000
	sasl.kerberos.service.name = null
	sasl.kerberos.ticket.renew.jitter = 0.05
	sasl.kerberos.ticket.renew.window.factor = 0.8
	sasl.login.callback.handler.class = null
	sasl.login.class = null
	sasl.login.connect.timeout.ms = null
	sasl.login.read.timeout.ms = null
	sasl.login.refresh.buffer.seconds = 300
	sasl.login.refresh.min.period.seconds = 60
	sasl.login.refresh.window.factor = 0.8
	sasl.login.refresh.window.jitter = 0.05
	sasl.login.retry.backoff.max.ms = 10000
	sasl.login.retry.backoff.ms = 100
	sasl.mechanism = GSSAPI
	sasl.oauthbearer.assertion.algorithm = RS256
	sasl.oauthbearer.assertion.claim.aud = null
	sasl.oauthbearer.assertion.claim.exp.seconds = 300
	sasl.oauthbearer.assertion.claim.iss = null
	sasl.oauthbearer.assertion.claim.jti.include = false
	sasl.oauthbearer.assertion.claim.nbf.seconds = 60
	sasl.oauthbearer.assertion.claim.sub = null
	sasl.oauthbearer.assertion.file = null
	sasl.oauthbearer.assertion.private.key.file = null
	sasl.oauthbearer.assertion.private.key.passphrase = null
	sasl.oauthbearer.assertion.template.file = null
	sasl.oauthbearer.client.credentials.client.id = null
	sasl.oauthbearer.client.credentials.client.secret = null
	sasl.oauthbearer.clock.skew.seconds = 30
	sasl.oauthbearer.expected.audience = null
	sasl.oauthbearer.expected.issuer = null
	sasl.oauthbearer.header.urlencode = false
	sasl.oauthbearer.jwks.endpoint.refresh.ms = 3600000
	sasl.oauthbearer.jwks.endpoint.retry.backoff.max.ms = 10000
	sasl.oauthbearer.jwks.endpoint.retry.backoff.ms = 100
	sasl.oauthbearer.jwks.endpoint.url = null
	sasl.oauthbearer.jwt.retriever.class = class org.apache.kafka.common.security.oauthbearer.DefaultJwtRetriever
	sasl.oauthbearer.jwt.validator.class = class org.apache.kafka.common.security.oauthbearer.DefaultJwtValidator
	sasl.oauthbearer.scope = null
	sasl.oauthbearer.scope.claim.name = scope
	sasl.oauthbearer.sub.claim.name = sub
	sasl.oauthbearer.token.endpoint.url = null
	security.protocol = PLAINTEXT
	security.providers = null
	send.buffer.bytes = 131072
	session.timeout.ms = 45000
	share.acknowledgement.mode = implicit
	socket.connection.setup.timeout.max.ms = 30000
	socket.connection.setup.timeout.ms = 10000
	ssl.cipher.suites = null
	ssl.enabled.protocols = [TLSv1.2, TLSv1.3]
	ssl.endpoint.identification.algorithm = https
	ssl.engine.factory.class = null
	ssl.key.password = null
	ssl.keymanager.algorithm = SunX509
	ssl.keystore.certificate.chain = null
	ssl.keystore.key = null
	ssl.keystore.location = null
	ssl.keystore.password = null
	ssl.keystore.type = JKS
	ssl.protocol = TLSv1.3
	ssl.provider = null
	ssl.secure.random.implementation = null
	ssl.trustmanager.algorithm = PKIX
	ssl.truststore.certificates = null
	ssl.truststore.location = null
	ssl.truststore.password = null
	ssl.truststore.type = JKS
	value.deserializer = class org.apache.kafka.common.serialization.ByteArrayDeserializer
 (org.apache.kafka.common.config.AbstractConfig:380)
[2026-05-12 00:23:51,700] INFO [clickhouse-sink-connector|task-0] initializing Kafka metrics collector (org.apache.kafka.common.telemetry.internals.KafkaMetricsCollector:270)
[2026-05-12 00:23:51,705] INFO [clickhouse-sink-connector|task-0] These configurations '[metrics.context.connect.kafka.cluster.id]' were supplied but are not used yet. (org.apache.kafka.common.config.AbstractConfig:389)
[2026-05-12 00:23:51,705] INFO [clickhouse-sink-connector|task-0] Kafka version: 4.1.1 (org.apache.kafka.common.utils.AppInfoParser:125)
[2026-05-12 00:23:51,705] INFO [clickhouse-sink-connector|task-0] Kafka commitId: be816b82d25370ce (org.apache.kafka.common.utils.AppInfoParser:126)
[2026-05-12 00:23:51,705] INFO [clickhouse-sink-connector|task-0] Kafka startTimeMs: 1778525631705 (org.apache.kafka.common.utils.AppInfoParser:127)
[2026-05-12 00:23:51,706] INFO [clickhouse-sink-connector|task-1] Creating task clickhouse-sink-connector-1 (org.apache.kafka.connect.runtime.Worker:677)
[2026-05-12 00:23:51,706] INFO [clickhouse-sink-connector|task-1] ConnectorConfig values: 
	config.action.reload = restart
	connector.class = com.clickhouse.kafka.connect.ClickHouseSinkConnector
	connector.plugin.version = null
	errors.log.enable = false
	errors.log.include.messages = false
	errors.retry.delay.max.ms = 60000
	errors.retry.timeout = 0
	errors.tolerance = none
	header.converter = null
	header.converter.plugin.version = null
	key.converter = null
	key.converter.plugin.version = null
	name = clickhouse-sink-connector
	predicates = []
	tasks.max = 2
	tasks.max.enforce = true
	transforms = []
	value.converter = null
	value.converter.plugin.version = null
 (org.apache.kafka.common.config.AbstractConfig:380)
[2026-05-12 00:23:51,706] INFO [clickhouse-sink-connector|task-1] EnrichedConnectorConfig values: 
	config.action.reload = restart
	connector.class = com.clickhouse.kafka.connect.ClickHouseSinkConnector
	connector.plugin.version = null
	errors.log.enable = false
	errors.log.include.messages = false
	errors.retry.delay.max.ms = 60000
	errors.retry.timeout = 0
	errors.tolerance = none
	header.converter = null
	header.converter.plugin.version = null
	key.converter = null
	key.converter.plugin.version = null
	name = clickhouse-sink-connector
	predicates = []
	tasks.max = 2
	tasks.max.enforce = true
	transforms = []
	value.converter = null
	value.converter.plugin.version = null
 (org.apache.kafka.common.config.AbstractConfig:380)
[2026-05-12 00:23:51,706] INFO [clickhouse-sink-connector|task-0] [Consumer clientId=connector-consumer-clickhouse-sink-connector-0, groupId=connect-clickhouse-sink-connector] Subscribed to topic(s): router-metrics (org.apache.kafka.clients.consumer.internals.ClassicKafkaConsumer:504)
[2026-05-12 00:23:51,706] INFO [clickhouse-sink-connector|task-1] TaskConfig values: 
	task.class = class com.clickhouse.kafka.connect.sink.ClickHouseSinkTask
 (org.apache.kafka.common.config.AbstractConfig:380)
[2026-05-12 00:23:51,706] INFO [clickhouse-sink-connector|task-0] Start SinkTask:  (com.clickhouse.kafka.connect.sink.ClickHouseSinkTask:32)
[2026-05-12 00:23:51,706] INFO [clickhouse-sink-connector|task-0] Errant record reporter not configured. (com.clickhouse.kafka.connect.sink.ClickHouseSinkTask:97)
[2026-05-12 00:23:51,706] INFO [clickhouse-sink-connector|task-0] Enable ExactlyOnce? false (com.clickhouse.kafka.connect.sink.ProxySinkTask:46)
[2026-05-12 00:23:51,706] INFO [clickhouse-sink-connector|task-1] Instantiated task clickhouse-sink-connector-1 with version 0.0.1 of type com.clickhouse.kafka.connect.sink.ClickHouseSinkTask (org.apache.kafka.connect.runtime.Worker:697)
[2026-05-12 00:23:51,706] INFO [clickhouse-sink-connector|task-0] Register MBean [com.clickhouse:type=ClickHouseKafkaConnector,name=SinkTask2,version=v1.3.5] (com.clickhouse.kafka.connect.sink.ProxySinkTask:52)
[2026-05-12 00:23:51,707] INFO [clickhouse-sink-connector|task-1] StringConverterConfig values: 
	converter.encoding = UTF-8
	converter.type = key
 (org.apache.kafka.common.config.AbstractConfig:380)
[2026-05-12 00:23:51,707] INFO [clickhouse-sink-connector|task-1] Set up the key converter class org.apache.kafka.connect.storage.StringConverter for task clickhouse-sink-connector-1 using the worker config (org.apache.kafka.connect.runtime.Worker:710)
[2026-05-12 00:23:51,707] INFO [clickhouse-sink-connector|task-0] ClickHouse URL: http://localhost:8123/default? (com.clickhouse.kafka.connect.sink.db.helper.ClickHouseHelperClient:147)
[2026-05-12 00:23:51,707] INFO [clickhouse-sink-connector|task-1] JsonConverterConfig values: 
	converter.type = value
	decimal.format = BASE64
	replace.null.with.default = true
	schemas.cache.size = 1000
	schemas.enable = false
 (org.apache.kafka.common.config.AbstractConfig:380)
[2026-05-12 00:23:51,707] INFO [clickhouse-sink-connector|task-1] Set up the value converter class org.apache.kafka.connect.json.JsonConverter for task clickhouse-sink-connector-1 using the worker config (org.apache.kafka.connect.runtime.Worker:716)
[2026-05-12 00:23:51,707] INFO [clickhouse-sink-connector|task-1] Set up the header converter class org.apache.kafka.connect.storage.SimpleHeaderConverter for task clickhouse-sink-connector-1 using the worker config (org.apache.kafka.connect.runtime.Worker:722)
[2026-05-12 00:23:51,708] INFO [clickhouse-sink-connector|task-1] Initializing: org.apache.kafka.connect.runtime.TransformationChain{} (org.apache.kafka.connect.runtime.Worker:1854)
[2026-05-12 00:23:51,708] INFO [clickhouse-sink-connector|task-1] SinkConnectorConfig values: 
	config.action.reload = restart
	connector.class = com.clickhouse.kafka.connect.ClickHouseSinkConnector
	connector.plugin.version = null
	errors.deadletterqueue.context.headers.enable = false
	errors.deadletterqueue.topic.name = 
	errors.deadletterqueue.topic.replication.factor = 3
	errors.log.enable = false
	errors.log.include.messages = false
	errors.retry.delay.max.ms = 60000
	errors.retry.timeout = 0
	errors.tolerance = none
	header.converter = null
	header.converter.plugin.version = null
	key.converter = null
	key.converter.plugin.version = null
	name = clickhouse-sink-connector
	predicates = []
	tasks.max = 2
	tasks.max.enforce = true
	topics = [router-metrics]
	topics.regex = 
	transforms = []
	value.converter = null
	value.converter.plugin.version = null
 (org.apache.kafka.common.config.AbstractConfig:380)
[2026-05-12 00:23:51,708] INFO [clickhouse-sink-connector|task-1] EnrichedConnectorConfig values: 
	config.action.reload = restart
	connector.class = com.clickhouse.kafka.connect.ClickHouseSinkConnector
	connector.plugin.version = null
	errors.deadletterqueue.context.headers.enable = false
	errors.deadletterqueue.topic.name = 
	errors.deadletterqueue.topic.replication.factor = 3
	errors.log.enable = false
	errors.log.include.messages = false
	errors.retry.delay.max.ms = 60000
	errors.retry.timeout = 0
	errors.tolerance = none
	header.converter = null
	header.converter.plugin.version = null
	key.converter = null
	key.converter.plugin.version = null
	name = clickhouse-sink-connector
	predicates = []
	tasks.max = 2
	tasks.max.enforce = true
	topics = [router-metrics]
	topics.regex = 
	transforms = []
	value.converter = null
	value.converter.plugin.version = null
 (org.apache.kafka.common.config.AbstractConfig:380)
[2026-05-12 00:23:51,708] INFO [clickhouse-sink-connector|task-0] ClickHouse URL: http://localhost:8123/default? (com.clickhouse.kafka.connect.sink.db.helper.ClickHouseHelperClient:117)
[2026-05-12 00:23:51,709] INFO [clickhouse-sink-connector|task-1] ConsumerConfig values: 
	allow.auto.create.topics = true
	auto.commit.interval.ms = 5000
	auto.offset.reset = earliest
	bootstrap.servers = [localhost:9092]
	check.crcs = true
	client.dns.lookup = use_all_dns_ips
	client.id = connector-consumer-clickhouse-sink-connector-1
	client.rack = 
	connections.max.idle.ms = 540000
	default.api.timeout.ms = 60000
	enable.auto.commit = false
	enable.metrics.push = true
	exclude.internal.topics = true
	fetch.max.bytes = 52428800
	fetch.max.wait.ms = 500
	fetch.min.bytes = 1
	group.id = connect-clickhouse-sink-connector
	group.instance.id = null
	group.protocol = classic
	group.remote.assignor = null
	heartbeat.interval.ms = 3000
	interceptor.classes = []
	internal.leave.group.on.close = true
	internal.throw.on.fetch.stable.offset.unsupported = false
	isolation.level = read_uncommitted
	key.deserializer = class org.apache.kafka.common.serialization.ByteArrayDeserializer
	max.partition.fetch.bytes = 1048576
	max.poll.interval.ms = 300000
	max.poll.records = 500
	metadata.max.age.ms = 300000
	metadata.recovery.rebootstrap.trigger.ms = 300000
	metadata.recovery.strategy = rebootstrap
	metric.reporters = [org.apache.kafka.common.metrics.JmxReporter]
	metrics.num.samples = 2
	metrics.recording.level = INFO
	metrics.sample.window.ms = 30000
	partition.assignment.strategy = [class org.apache.kafka.clients.consumer.RangeAssignor, class org.apache.kafka.clients.consumer.CooperativeStickyAssignor]
	receive.buffer.bytes = 65536
	reconnect.backoff.max.ms = 1000
	reconnect.backoff.ms = 50
	request.timeout.ms = 30000
	retry.backoff.max.ms = 1000
	retry.backoff.ms = 100
	sasl.client.callback.handler.class = null
	sasl.jaas.config = null
	sasl.kerberos.kinit.cmd = /usr/bin/kinit
	sasl.kerberos.min.time.before.relogin = 60000
	sasl.kerberos.service.name = null
	sasl.kerberos.ticket.renew.jitter = 0.05
	sasl.kerberos.ticket.renew.window.factor = 0.8
	sasl.login.callback.handler.class = null
	sasl.login.class = null
	sasl.login.connect.timeout.ms = null
	sasl.login.read.timeout.ms = null
	sasl.login.refresh.buffer.seconds = 300
	sasl.login.refresh.min.period.seconds = 60
	sasl.login.refresh.window.factor = 0.8
	sasl.login.refresh.window.jitter = 0.05
	sasl.login.retry.backoff.max.ms = 10000
	sasl.login.retry.backoff.ms = 100
	sasl.mechanism = GSSAPI
	sasl.oauthbearer.assertion.algorithm = RS256
	sasl.oauthbearer.assertion.claim.aud = null
	sasl.oauthbearer.assertion.claim.exp.seconds = 300
	sasl.oauthbearer.assertion.claim.iss = null
	sasl.oauthbearer.assertion.claim.jti.include = false
	sasl.oauthbearer.assertion.claim.nbf.seconds = 60
	sasl.oauthbearer.assertion.claim.sub = null
	sasl.oauthbearer.assertion.file = null
	sasl.oauthbearer.assertion.private.key.file = null
	sasl.oauthbearer.assertion.private.key.passphrase = null
	sasl.oauthbearer.assertion.template.file = null
	sasl.oauthbearer.client.credentials.client.id = null
	sasl.oauthbearer.client.credentials.client.secret = null
	sasl.oauthbearer.clock.skew.seconds = 30
	sasl.oauthbearer.expected.audience = null
	sasl.oauthbearer.expected.issuer = null
	sasl.oauthbearer.header.urlencode = false
	sasl.oauthbearer.jwks.endpoint.refresh.ms = 3600000
	sasl.oauthbearer.jwks.endpoint.retry.backoff.max.ms = 10000
	sasl.oauthbearer.jwks.endpoint.retry.backoff.ms = 100
	sasl.oauthbearer.jwks.endpoint.url = null
	sasl.oauthbearer.jwt.retriever.class = class org.apache.kafka.common.security.oauthbearer.DefaultJwtRetriever
	sasl.oauthbearer.jwt.validator.class = class org.apache.kafka.common.security.oauthbearer.DefaultJwtValidator
	sasl.oauthbearer.scope = null
	sasl.oauthbearer.scope.claim.name = scope
	sasl.oauthbearer.sub.claim.name = sub
	sasl.oauthbearer.token.endpoint.url = null
	security.protocol = PLAINTEXT
	security.providers = null
	send.buffer.bytes = 131072
	session.timeout.ms = 45000
	share.acknowledgement.mode = implicit
	socket.connection.setup.timeout.max.ms = 30000
	socket.connection.setup.timeout.ms = 10000
	ssl.cipher.suites = null
	ssl.enabled.protocols = [TLSv1.2, TLSv1.3]
	ssl.endpoint.identification.algorithm = https
	ssl.engine.factory.class = null
	ssl.key.password = null
	ssl.keymanager.algorithm = SunX509
	ssl.keystore.certificate.chain = null
	ssl.keystore.key = null
	ssl.keystore.location = null
	ssl.keystore.password = null
	ssl.keystore.type = JKS
	ssl.protocol = TLSv1.3
	ssl.provider = null
	ssl.secure.random.implementation = null
	ssl.trustmanager.algorithm = PKIX
	ssl.truststore.certificates = null
	ssl.truststore.location = null
	ssl.truststore.password = null
	ssl.truststore.type = JKS
	value.deserializer = class org.apache.kafka.common.serialization.ByteArrayDeserializer
 (org.apache.kafka.common.config.AbstractConfig:380)
[2026-05-12 00:23:51,709] INFO [clickhouse-sink-connector|task-1] initializing Kafka metrics collector (org.apache.kafka.common.telemetry.internals.KafkaMetricsCollector:270)
[2026-05-12 00:23:51,713] INFO [clickhouse-sink-connector|task-1] These configurations '[metrics.context.connect.kafka.cluster.id]' were supplied but are not used yet. (org.apache.kafka.common.config.AbstractConfig:389)
[2026-05-12 00:23:51,713] INFO [clickhouse-sink-connector|task-1] Kafka version: 4.1.1 (org.apache.kafka.common.utils.AppInfoParser:125)
[2026-05-12 00:23:51,713] INFO [clickhouse-sink-connector|task-1] Kafka commitId: be816b82d25370ce (org.apache.kafka.common.utils.AppInfoParser:126)
[2026-05-12 00:23:51,713] INFO [clickhouse-sink-connector|task-1] Kafka startTimeMs: 1778525631713 (org.apache.kafka.common.utils.AppInfoParser:127)
[2026-05-12 00:23:51,715] INFO [clickhouse-sink-connector|task-1] [Consumer clientId=connector-consumer-clickhouse-sink-connector-1, groupId=connect-clickhouse-sink-connector] Subscribed to topic(s): router-metrics (org.apache.kafka.clients.consumer.internals.ClassicKafkaConsumer:504)
[2026-05-12 00:23:51,715] INFO [clickhouse-sink-connector|task-1] Start SinkTask:  (com.clickhouse.kafka.connect.sink.ClickHouseSinkTask:32)
[2026-05-12 00:23:51,715] INFO [clickhouse-sink-connector|task-1] Errant record reporter not configured. (com.clickhouse.kafka.connect.sink.ClickHouseSinkTask:97)
[2026-05-12 00:23:51,715] INFO [clickhouse-sink-connector|task-1] Enable ExactlyOnce? false (com.clickhouse.kafka.connect.sink.ProxySinkTask:46)
[2026-05-12 00:23:51,716] INFO [clickhouse-sink-connector|task-1] Register MBean [com.clickhouse:type=ClickHouseKafkaConnector,name=SinkTask3,version=v1.3.5] (com.clickhouse.kafka.connect.sink.ProxySinkTask:52)
[2026-05-12 00:23:51,716] INFO [clickhouse-sink-connector|task-1] ClickHouse URL: http://localhost:8123/default? (com.clickhouse.kafka.connect.sink.db.helper.ClickHouseHelperClient:147)
[2026-05-12 00:23:51,717] INFO [clickhouse-sink-connector|task-1] ClickHouse URL: http://localhost:8123/default? (com.clickhouse.kafka.connect.sink.db.helper.ClickHouseHelperClient:117)
[2026-05-12 00:23:51,718] INFO [clickhouse-sink-connector|task-0] Ping was successful. (com.clickhouse.kafka.connect.sink.db.helper.ClickHouseHelperClient:182)
[2026-05-12 00:23:51,725] INFO 127.0.0.1 - - [11/May/2026:18:53:51 +0000] "PUT /connectors/clickhouse-sink-connector/config HTTP/1.1" 200 525 "" "curl/8.7.1" 224 (org.apache.kafka.connect.runtime.rest.RestServer:57)
[2026-05-12 00:23:51,726] INFO [clickhouse-sink-connector|task-1] Ping was successful. (com.clickhouse.kafka.connect.sink.db.helper.ClickHouseHelperClient:182)
[2026-05-12 00:23:51,726] INFO [clickhouse-sink-connector|task-0] Connected to ClickHouse version: 25.9.1.1827 (com.clickhouse.kafka.connect.sink.db.ClickHouseWriter:122)
[2026-05-12 00:23:51,729] INFO [clickhouse-sink-connector|task-1] Connected to ClickHouse version: 25.9.1.1827 (com.clickhouse.kafka.connect.sink.db.ClickHouseWriter:122)
[2026-05-12 00:23:51,844] INFO [clickhouse-sink-connector|task-0] WorkerSinkTask{id=clickhouse-sink-connector-0} Sink task finished initialization and start (org.apache.kafka.connect.runtime.WorkerSinkTask:340)
[2026-05-12 00:23:51,845] INFO [clickhouse-sink-connector|task-0] WorkerSinkTask{id=clickhouse-sink-connector-0} Executing sink task (org.apache.kafka.connect.runtime.WorkerSinkTask:221)
[2026-05-12 00:23:51,848] INFO [clickhouse-sink-connector|task-1] WorkerSinkTask{id=clickhouse-sink-connector-1} Sink task finished initialization and start (org.apache.kafka.connect.runtime.WorkerSinkTask:340)
[2026-05-12 00:23:51,848] INFO [clickhouse-sink-connector|task-1] WorkerSinkTask{id=clickhouse-sink-connector-1} Executing sink task (org.apache.kafka.connect.runtime.WorkerSinkTask:221)
[2026-05-12 00:23:51,851] INFO [clickhouse-sink-connector|task-0] [Consumer clientId=connector-consumer-clickhouse-sink-connector-0, groupId=connect-clickhouse-sink-connector] Cluster ID: 7zqQl3RwTam55Uu5EZOblw (org.apache.kafka.clients.Metadata:365)
[2026-05-12 00:23:51,853] INFO [clickhouse-sink-connector|task-1] [Consumer clientId=connector-consumer-clickhouse-sink-connector-1, groupId=connect-clickhouse-sink-connector] Cluster ID: 7zqQl3RwTam55Uu5EZOblw (org.apache.kafka.clients.Metadata:365)
[2026-05-12 00:23:51,854] INFO [clickhouse-sink-connector|task-1] [Consumer clientId=connector-consumer-clickhouse-sink-connector-1, groupId=connect-clickhouse-sink-connector] Discovered group coordinator localhost:9092 (id: 2147483646 rack: null isFenced: false) (org.apache.kafka.clients.consumer.internals.ConsumerCoordinator:943)
[2026-05-12 00:23:51,854] INFO [clickhouse-sink-connector|task-0] [Consumer clientId=connector-consumer-clickhouse-sink-connector-0, groupId=connect-clickhouse-sink-connector] Discovered group coordinator localhost:9092 (id: 2147483646 rack: null isFenced: false) (org.apache.kafka.clients.consumer.internals.ConsumerCoordinator:943)
[2026-05-12 00:23:51,855] INFO [clickhouse-sink-connector|task-0] [Consumer clientId=connector-consumer-clickhouse-sink-connector-0, groupId=connect-clickhouse-sink-connector] (Re-)joining group (org.apache.kafka.clients.consumer.internals.ConsumerCoordinator:611)
[2026-05-12 00:23:51,855] INFO [clickhouse-sink-connector|task-1] [Consumer clientId=connector-consumer-clickhouse-sink-connector-1, groupId=connect-clickhouse-sink-connector] (Re-)joining group (org.apache.kafka.clients.consumer.internals.ConsumerCoordinator:611)
[2026-05-12 00:23:51,862] INFO [clickhouse-sink-connector|task-1] [Consumer clientId=connector-consumer-clickhouse-sink-connector-1, groupId=connect-clickhouse-sink-connector] Request joining group due to: need to re-join with the given member-id: connector-consumer-clickhouse-sink-connector-1-deba9ede-ba14-4e7d-8832-bf70a0cffe56 (org.apache.kafka.clients.consumer.internals.ConsumerCoordinator:1109)
[2026-05-12 00:23:51,862] INFO [clickhouse-sink-connector|task-0] [Consumer clientId=connector-consumer-clickhouse-sink-connector-0, groupId=connect-clickhouse-sink-connector] Request joining group due to: need to re-join with the given member-id: connector-consumer-clickhouse-sink-connector-0-a062e805-8a14-441e-8a7f-b143a397d7ae (org.apache.kafka.clients.consumer.internals.ConsumerCoordinator:1109)
[2026-05-12 00:23:51,862] INFO [clickhouse-sink-connector|task-0] [Consumer clientId=connector-consumer-clickhouse-sink-connector-0, groupId=connect-clickhouse-sink-connector] (Re-)joining group (org.apache.kafka.clients.consumer.internals.ConsumerCoordinator:611)
[2026-05-12 00:23:51,862] INFO [clickhouse-sink-connector|task-1] [Consumer clientId=connector-consumer-clickhouse-sink-connector-1, groupId=connect-clickhouse-sink-connector] (Re-)joining group (org.apache.kafka.clients.consumer.internals.ConsumerCoordinator:611)
[2026-05-12 00:23:57,998] INFO [clickhouse-sink-connector|task-0] [Consumer clientId=connector-consumer-clickhouse-sink-connector-0, groupId=connect-clickhouse-sink-connector] Successfully joined group with generation Generation{generationId=3, memberId='connector-consumer-clickhouse-sink-connector-0-a062e805-8a14-441e-8a7f-b143a397d7ae', protocol='range'} (org.apache.kafka.clients.consumer.internals.ConsumerCoordinator:672)
[2026-05-12 00:23:57,998] INFO [clickhouse-sink-connector|task-1] [Consumer clientId=connector-consumer-clickhouse-sink-connector-1, groupId=connect-clickhouse-sink-connector] Successfully joined group with generation Generation{generationId=3, memberId='connector-consumer-clickhouse-sink-connector-1-deba9ede-ba14-4e7d-8832-bf70a0cffe56', protocol='range'} (org.apache.kafka.clients.consumer.internals.ConsumerCoordinator:672)
[2026-05-12 00:23:58,001] INFO [clickhouse-sink-connector|task-0] [Consumer clientId=connector-consumer-clickhouse-sink-connector-0, groupId=connect-clickhouse-sink-connector] Finished assignment for group at generation 3: {connector-consumer-clickhouse-sink-connector-0-a062e805-8a14-441e-8a7f-b143a397d7ae=Assignment(partitions=[router-metrics-0]), connector-consumer-clickhouse-sink-connector-1-deba9ede-ba14-4e7d-8832-bf70a0cffe56=Assignment(partitions=[])} (org.apache.kafka.clients.consumer.internals.ConsumerCoordinator:703)
[2026-05-12 00:23:58,037] INFO [clickhouse-sink-connector|task-0] [Consumer clientId=connector-consumer-clickhouse-sink-connector-0, groupId=connect-clickhouse-sink-connector] Successfully synced group in generation Generation{generationId=3, memberId='connector-consumer-clickhouse-sink-connector-0-a062e805-8a14-441e-8a7f-b143a397d7ae', protocol='range'} (org.apache.kafka.clients.consumer.internals.ConsumerCoordinator:849)
[2026-05-12 00:23:58,037] INFO [clickhouse-sink-connector|task-1] [Consumer clientId=connector-consumer-clickhouse-sink-connector-1, groupId=connect-clickhouse-sink-connector] Successfully synced group in generation Generation{generationId=3, memberId='connector-consumer-clickhouse-sink-connector-1-deba9ede-ba14-4e7d-8832-bf70a0cffe56', protocol='range'} (org.apache.kafka.clients.consumer.internals.ConsumerCoordinator:849)
[2026-05-12 00:23:58,037] INFO [clickhouse-sink-connector|task-0] [Consumer clientId=connector-consumer-clickhouse-sink-connector-0, groupId=connect-clickhouse-sink-connector] Notifying assignor about the new Assignment(partitions=[router-metrics-0]) (org.apache.kafka.clients.consumer.internals.ConsumerCoordinator:363)
[2026-05-12 00:23:58,037] INFO [clickhouse-sink-connector|task-1] [Consumer clientId=connector-consumer-clickhouse-sink-connector-1, groupId=connect-clickhouse-sink-connector] Notifying assignor about the new Assignment(partitions=[]) (org.apache.kafka.clients.consumer.internals.ConsumerCoordinator:363)
[2026-05-12 00:23:58,037] INFO [clickhouse-sink-connector|task-0] [Consumer clientId=connector-consumer-clickhouse-sink-connector-0, groupId=connect-clickhouse-sink-connector] Adding newly assigned partitions: [router-metrics-0] (org.apache.kafka.clients.consumer.internals.ConsumerRebalanceListenerInvoker:57)
[2026-05-12 00:23:58,037] INFO [clickhouse-sink-connector|task-1] [Consumer clientId=connector-consumer-clickhouse-sink-connector-1, groupId=connect-clickhouse-sink-connector] Adding newly assigned partitions: [] (org.apache.kafka.clients.consumer.internals.ConsumerRebalanceListenerInvoker:57)
[2026-05-12 00:23:58,040] INFO [clickhouse-sink-connector|task-0] [Consumer clientId=connector-consumer-clickhouse-sink-connector-0, groupId=connect-clickhouse-sink-connector] Found no committed offset for partition router-metrics-0 (org.apache.kafka.clients.consumer.internals.ConsumerCoordinator:1573)
[2026-05-12 00:23:58,048] INFO [clickhouse-sink-connector|task-0] [Consumer clientId=connector-consumer-clickhouse-sink-connector-0, groupId=connect-clickhouse-sink-connector] Resetting offset for partition router-metrics-0 to position FetchPosition{offset=0, offsetEpoch=Optional.empty, currentLeader=LeaderAndEpoch{leader=Optional[localhost:9092 (id: 1 rack: null isFenced: false)], epoch=536}}. (org.apache.kafka.clients.consumer.internals.SubscriptionState:457)
[2026-05-12 00:24:11,465] INFO [clickhouse-sink-connector|worker] Stopping connector clickhouse-sink-connector (org.apache.kafka.connect.runtime.Worker:467)
[2026-05-12 00:24:11,466] INFO [clickhouse-sink-connector|worker] Scheduled shutdown for WorkerConnector{id=clickhouse-sink-connector} (org.apache.kafka.connect.runtime.WorkerConnector:298)
[2026-05-12 00:24:11,466] INFO [clickhouse-sink-connector|worker] stop SinkConnect (com.clickhouse.kafka.connect.ClickHouseSinkConnector:76)
[2026-05-12 00:24:11,466] INFO [clickhouse-sink-connector|worker] Completed shutdown for WorkerConnector{id=clickhouse-sink-connector} (org.apache.kafka.connect.runtime.WorkerConnector:318)
[2026-05-12 00:24:11,468] INFO [clickhouse-sink-connector|worker] Creating connector clickhouse-sink-connector of type com.clickhouse.kafka.connect.ClickHouseSinkConnector (org.apache.kafka.connect.runtime.Worker:325)
[2026-05-12 00:24:11,469] INFO [clickhouse-sink-connector|worker] SinkConnectorConfig values: 
	config.action.reload = restart
	connector.class = com.clickhouse.kafka.connect.ClickHouseSinkConnector
	connector.plugin.version = null
	errors.deadletterqueue.context.headers.enable = false
	errors.deadletterqueue.topic.name = 
	errors.deadletterqueue.topic.replication.factor = 3
	errors.log.enable = false
	errors.log.include.messages = false
	errors.retry.delay.max.ms = 60000
	errors.retry.timeout = 0
	errors.tolerance = none
	header.converter = null
	header.converter.plugin.version = null
	key.converter = null
	key.converter.plugin.version = null
	name = clickhouse-sink-connector
	predicates = []
	tasks.max = 2
	tasks.max.enforce = true
	topics = [router-metrics]
	topics.regex = 
	transforms = []
	value.converter = null
	value.converter.plugin.version = null
 (org.apache.kafka.common.config.AbstractConfig:380)
[2026-05-12 00:24:11,469] INFO [clickhouse-sink-connector|worker] EnrichedConnectorConfig values: 
	config.action.reload = restart
	connector.class = com.clickhouse.kafka.connect.ClickHouseSinkConnector
	connector.plugin.version = null
	errors.deadletterqueue.context.headers.enable = false
	errors.deadletterqueue.topic.name = 
	errors.deadletterqueue.topic.replication.factor = 3
	errors.log.enable = false
	errors.log.include.messages = false
	errors.retry.delay.max.ms = 60000
	errors.retry.timeout = 0
	errors.tolerance = none
	header.converter = null
	header.converter.plugin.version = null
	key.converter = null
	key.converter.plugin.version = null
	name = clickhouse-sink-connector
	predicates = []
	tasks.max = 2
	tasks.max.enforce = true
	topics = [router-metrics]
	topics.regex = 
	transforms = []
	value.converter = null
	value.converter.plugin.version = null
 (org.apache.kafka.common.config.AbstractConfig:380)
[2026-05-12 00:24:11,470] INFO [clickhouse-sink-connector|worker] Instantiated connector clickhouse-sink-connector with version v1.3.5 of type class com.clickhouse.kafka.connect.ClickHouseSinkConnector (org.apache.kafka.connect.runtime.Worker:349)
[2026-05-12 00:24:11,470] INFO [clickhouse-sink-connector|worker] Finished creating connector clickhouse-sink-connector (org.apache.kafka.connect.runtime.Worker:371)
[2026-05-12 00:24:11,470] INFO [clickhouse-sink-connector|worker] Starting SinkConnect... (com.clickhouse.kafka.connect.ClickHouseSinkConnector:55)
[2026-05-12 00:24:11,470] INFO [clickhouse-sink-connector|worker] Version: v1.3.5 (com.clickhouse.kafka.connect.ClickHouseSinkConnector:56)
[2026-05-12 00:24:11,471] INFO [clickhouse-sink-connector|worker] SinkConnectorConfig values: 
	config.action.reload = restart
	connector.class = com.clickhouse.kafka.connect.ClickHouseSinkConnector
	connector.plugin.version = null
	errors.deadletterqueue.context.headers.enable = false
	errors.deadletterqueue.topic.name = 
	errors.deadletterqueue.topic.replication.factor = 3
	errors.log.enable = false
	errors.log.include.messages = false
	errors.retry.delay.max.ms = 60000
	errors.retry.timeout = 0
	errors.tolerance = none
	header.converter = null
	header.converter.plugin.version = null
	key.converter = null
	key.converter.plugin.version = null
	name = clickhouse-sink-connector
	predicates = []
	tasks.max = 2
	tasks.max.enforce = true
	topics = [router-metrics]
	topics.regex = 
	transforms = []
	value.converter = null
	value.converter.plugin.version = null
 (org.apache.kafka.common.config.AbstractConfig:380)
[2026-05-12 00:24:11,472] INFO [clickhouse-sink-connector|worker] EnrichedConnectorConfig values: 
	config.action.reload = restart
	connector.class = com.clickhouse.kafka.connect.ClickHouseSinkConnector
	connector.plugin.version = null
	errors.deadletterqueue.context.headers.enable = false
	errors.deadletterqueue.topic.name = 
	errors.deadletterqueue.topic.replication.factor = 3
	errors.log.enable = false
	errors.log.include.messages = false
	errors.retry.delay.max.ms = 60000
	errors.retry.timeout = 0
	errors.tolerance = none
	header.converter = null
	header.converter.plugin.version = null
	key.converter = null
	key.converter.plugin.version = null
	name = clickhouse-sink-connector
	predicates = []
	tasks.max = 2
	tasks.max.enforce = true
	topics = [router-metrics]
	topics.regex = 
	transforms = []
	value.converter = null
	value.converter.plugin.version = null
 (org.apache.kafka.common.config.AbstractConfig:380)
[2026-05-12 00:24:11,481] INFO 127.0.0.1 - - [11/May/2026:18:54:11 +0000] "POST /connectors/clickhouse-sink-connector/restart HTTP/1.1" 204 0 "" "curl/8.7.1" 31 (org.apache.kafka.connect.runtime.rest.RestServer:57)
[2026-05-12 00:24:55,208] INFO 127.0.0.1 - - [11/May/2026:18:54:55 +0000] "GET /connectors/clickhouse-sink-connector/status HTTP/1.1" 200 288 "" "curl/8.7.1" 26 (org.apache.kafka.connect.runtime.rest.RestServer:57)
[2026-05-12 00:25:08,432] INFO [clickhouse-sink-connector|task-0] Stopping task clickhouse-sink-connector-0 (org.apache.kafka.connect.runtime.Worker:1078)
[2026-05-12 00:25:08,433] INFO [clickhouse-sink-connector|task-1] Stopping task clickhouse-sink-connector-1 (org.apache.kafka.connect.runtime.Worker:1078)
[2026-05-12 00:25:08,434] INFO [clickhouse-sink-connector|task-1] Unregister MBean [com.clickhouse:type=ClickHouseKafkaConnector,name=SinkTask3,version=v1.3.5] (com.clickhouse.kafka.connect.sink.ProxySinkTask:58)
[2026-05-12 00:25:08,434] INFO [clickhouse-sink-connector|task-0] Unregister MBean [com.clickhouse:type=ClickHouseKafkaConnector,name=SinkTask2,version=v1.3.5] (com.clickhouse.kafka.connect.sink.ProxySinkTask:58)
[2026-05-12 00:25:08,437] INFO [clickhouse-sink-connector|task-0] [Consumer clientId=connector-consumer-clickhouse-sink-connector-0, groupId=connect-clickhouse-sink-connector] Revoke previously assigned partitions [router-metrics-0] (org.apache.kafka.clients.consumer.internals.ConsumerRebalanceListenerInvoker:83)
[2026-05-12 00:25:08,437] INFO [clickhouse-sink-connector|task-1] [Consumer clientId=connector-consumer-clickhouse-sink-connector-1, groupId=connect-clickhouse-sink-connector] Member connector-consumer-clickhouse-sink-connector-1-deba9ede-ba14-4e7d-8832-bf70a0cffe56 sending LeaveGroup request to coordinator localhost:9092 (id: 2147483646 rack: null isFenced: false) due to the consumer is being closed (org.apache.kafka.clients.consumer.internals.ConsumerCoordinator:1174)
[2026-05-12 00:25:08,437] INFO [clickhouse-sink-connector|task-0] [Consumer clientId=connector-consumer-clickhouse-sink-connector-0, groupId=connect-clickhouse-sink-connector] Member connector-consumer-clickhouse-sink-connector-0-a062e805-8a14-441e-8a7f-b143a397d7ae sending LeaveGroup request to coordinator localhost:9092 (id: 2147483646 rack: null isFenced: false) due to the consumer is being closed (org.apache.kafka.clients.consumer.internals.ConsumerCoordinator:1174)
[2026-05-12 00:25:08,438] INFO [clickhouse-sink-connector|task-0] [Consumer clientId=connector-consumer-clickhouse-sink-connector-0, groupId=connect-clickhouse-sink-connector] Resetting generation and member id due to: consumer pro-actively leaving the group (org.apache.kafka.clients.consumer.internals.ConsumerCoordinator:1062)
[2026-05-12 00:25:08,438] INFO [clickhouse-sink-connector|task-1] [Consumer clientId=connector-consumer-clickhouse-sink-connector-1, groupId=connect-clickhouse-sink-connector] Resetting generation and member id due to: consumer pro-actively leaving the group (org.apache.kafka.clients.consumer.internals.ConsumerCoordinator:1062)
[2026-05-12 00:25:08,438] INFO [clickhouse-sink-connector|task-1] [Consumer clientId=connector-consumer-clickhouse-sink-connector-1, groupId=connect-clickhouse-sink-connector] Request joining group due to: consumer pro-actively leaving the group (org.apache.kafka.clients.consumer.internals.ConsumerCoordinator:1109)
[2026-05-12 00:25:08,438] INFO [clickhouse-sink-connector|task-0] [Consumer clientId=connector-consumer-clickhouse-sink-connector-0, groupId=connect-clickhouse-sink-connector] Request joining group due to: consumer pro-actively leaving the group (org.apache.kafka.clients.consumer.internals.ConsumerCoordinator:1109)
[2026-05-12 00:25:08,480] INFO [clickhouse-sink-connector|task-1] Metrics scheduler closed (org.apache.kafka.common.metrics.Metrics:684)
[2026-05-12 00:25:08,480] INFO [clickhouse-sink-connector|task-1] Closing reporter org.apache.kafka.common.metrics.JmxReporter (org.apache.kafka.common.metrics.Metrics:688)
[2026-05-12 00:25:08,481] INFO [clickhouse-sink-connector|task-1] Closing reporter org.apache.kafka.common.telemetry.internals.ClientTelemetryReporter (org.apache.kafka.common.metrics.Metrics:688)
[2026-05-12 00:25:08,481] INFO [clickhouse-sink-connector|task-1] Metrics reporters closed (org.apache.kafka.common.metrics.Metrics:694)
[2026-05-12 00:25:08,483] INFO [clickhouse-sink-connector|task-1] App info kafka.consumer for connector-consumer-clickhouse-sink-connector-1 unregistered (org.apache.kafka.common.utils.AppInfoParser:89)
[2026-05-12 00:25:08,849] INFO [clickhouse-sink-connector|task-0] Metrics scheduler closed (org.apache.kafka.common.metrics.Metrics:684)
[2026-05-12 00:25:08,849] INFO [clickhouse-sink-connector|task-0] Closing reporter org.apache.kafka.common.metrics.JmxReporter (org.apache.kafka.common.metrics.Metrics:688)
[2026-05-12 00:25:08,850] INFO [clickhouse-sink-connector|task-0] Closing reporter org.apache.kafka.common.telemetry.internals.ClientTelemetryReporter (org.apache.kafka.common.metrics.Metrics:688)
[2026-05-12 00:25:08,850] INFO [clickhouse-sink-connector|task-0] Metrics reporters closed (org.apache.kafka.common.metrics.Metrics:694)
[2026-05-12 00:25:08,852] INFO [clickhouse-sink-connector|task-0] App info kafka.consumer for connector-consumer-clickhouse-sink-connector-0 unregistered (org.apache.kafka.common.utils.AppInfoParser:89)
[2026-05-12 00:25:08,854] INFO [clickhouse-sink-connector|worker] Stopping connector clickhouse-sink-connector (org.apache.kafka.connect.runtime.Worker:467)
[2026-05-12 00:25:08,854] INFO [clickhouse-sink-connector|worker] Scheduled shutdown for WorkerConnector{id=clickhouse-sink-connector} (org.apache.kafka.connect.runtime.WorkerConnector:298)
[2026-05-12 00:25:08,854] INFO [clickhouse-sink-connector|worker] stop SinkConnect (com.clickhouse.kafka.connect.ClickHouseSinkConnector:76)
[2026-05-12 00:25:08,854] INFO [clickhouse-sink-connector|worker] Completed shutdown for WorkerConnector{id=clickhouse-sink-connector} (org.apache.kafka.connect.runtime.WorkerConnector:318)
[2026-05-12 00:25:08,862] INFO 127.0.0.1 - - [11/May/2026:18:55:08 +0000] "DELETE /connectors/clickhouse-sink-connector HTTP/1.1" 204 0 "" "curl/8.7.1" 446 (org.apache.kafka.connect.runtime.rest.RestServer:57)
[2026-05-12 00:25:23,339] ERROR Uncaught exception in REST call to /connectors (org.apache.kafka.connect.runtime.rest.errors.ConnectExceptionMapper:64)
com.fasterxml.jackson.databind.exc.UnrecognizedPropertyException: Unrecognized field "connector.class" (class org.apache.kafka.connect.runtime.rest.entities.CreateConnectorRequest), not marked as ignorable (3 known properties: "config", "name", "initial_state"])
 at [Source: REDACTED (`StreamReadFeature.INCLUDE_SOURCE_IN_LOCATION` disabled); line: 1, column: 354] (through reference chain: org.apache.kafka.connect.runtime.rest.entities.CreateConnectorRequest["connector.class"])
	at com.fasterxml.jackson.databind.exc.UnrecognizedPropertyException.from(UnrecognizedPropertyException.java:61) ~[jackson-databind-2.19.0.jar:2.19.0]
	at com.fasterxml.jackson.databind.DeserializationContext.handleUnknownProperty(DeserializationContext.java:1180) ~[jackson-databind-2.19.0.jar:2.19.0]
	at com.fasterxml.jackson.databind.deser.std.StdDeserializer.handleUnknownProperty(StdDeserializer.java:2244) ~[jackson-databind-2.19.0.jar:2.19.0]
	at com.fasterxml.jackson.databind.deser.BeanDeserializerBase.handleUnknownProperty(BeanDeserializerBase.java:1823) ~[jackson-databind-2.19.0.jar:2.19.0]
	at com.fasterxml.jackson.databind.deser.BeanDeserializerBase.handleUnknownProperties(BeanDeserializerBase.java:1773) ~[jackson-databind-2.19.0.jar:2.19.0]
	at com.fasterxml.jackson.databind.deser.BeanDeserializer._deserializeUsingPropertyBased(BeanDeserializer.java:563) ~[jackson-databind-2.19.0.jar:2.19.0]
	at com.fasterxml.jackson.databind.deser.BeanDeserializerBase.deserializeFromObjectUsingNonDefault(BeanDeserializerBase.java:1499) ~[jackson-databind-2.19.0.jar:2.19.0]
	at com.fasterxml.jackson.databind.deser.BeanDeserializer.deserializeFromObject(BeanDeserializer.java:340) ~[jackson-databind-2.19.0.jar:2.19.0]
	at com.fasterxml.jackson.databind.deser.BeanDeserializer.deserialize(BeanDeserializer.java:177) ~[jackson-databind-2.19.0.jar:2.19.0]
	at com.fasterxml.jackson.databind.deser.DefaultDeserializationContext.readRootValue(DefaultDeserializationContext.java:342) ~[jackson-databind-2.19.0.jar:2.19.0]
	at com.fasterxml.jackson.databind.ObjectReader._bind(ObjectReader.java:2101) ~[jackson-databind-2.19.0.jar:2.19.0]
	at com.fasterxml.jackson.databind.ObjectReader.readValue(ObjectReader.java:1248) ~[jackson-databind-2.19.0.jar:2.19.0]
	at com.fasterxml.jackson.jakarta.rs.base.ProviderBase.readFrom(ProviderBase.java:791) ~[jackson-jakarta-rs-base-2.19.0.jar:2.19.0]
	at org.glassfish.jersey.message.internal.ReaderInterceptorExecutor$TerminalReaderInterceptor.invokeReadFrom(ReaderInterceptorExecutor.java:236) ~[jersey-common-3.1.10.jar:?]
	at org.glassfish.jersey.message.internal.ReaderInterceptorExecutor$TerminalReaderInterceptor.aroundReadFrom(ReaderInterceptorExecutor.java:215) ~[jersey-common-3.1.10.jar:?]
	at org.glassfish.jersey.message.internal.ReaderInterceptorExecutor.proceed(ReaderInterceptorExecutor.java:135) ~[jersey-common-3.1.10.jar:?]
	at org.glassfish.jersey.server.internal.MappableExceptionWrapperInterceptor.aroundReadFrom(MappableExceptionWrapperInterceptor.java:49) ~[jersey-server-3.1.10.jar:?]
	at org.glassfish.jersey.message.internal.ReaderInterceptorExecutor.proceed(ReaderInterceptorExecutor.java:135) ~[jersey-common-3.1.10.jar:?]
	at org.glassfish.jersey.message.internal.MessageBodyFactory.readFrom(MessageBodyFactory.java:1072) ~[jersey-common-3.1.10.jar:?]
	at org.glassfish.jersey.message.internal.InboundMessageContext.readEntity(InboundMessageContext.java:657) ~[jersey-common-3.1.10.jar:?]
	at org.glassfish.jersey.server.ContainerRequest.readEntity(ContainerRequest.java:290) ~[jersey-server-3.1.10.jar:?]
	at org.glassfish.jersey.server.internal.inject.EntityParamValueParamProvider$EntityValueSupplier.apply(EntityParamValueParamProvider.java:73) ~[jersey-server-3.1.10.jar:?]
	at org.glassfish.jersey.server.internal.inject.EntityParamValueParamProvider$EntityValueSupplier.apply(EntityParamValueParamProvider.java:56) ~[jersey-server-3.1.10.jar:?]
	at org.glassfish.jersey.server.spi.internal.ParamValueFactoryWithSource.apply(ParamValueFactoryWithSource.java:50) ~[jersey-server-3.1.10.jar:?]
	at org.glassfish.jersey.server.spi.internal.ParameterValueHelper.getParameterValues(ParameterValueHelper.java:68) ~[jersey-server-3.1.10.jar:?]
	at org.glassfish.jersey.server.model.internal.JavaResourceMethodDispatcherProvider$AbstractMethodParamInvoker.getParamValues(JavaResourceMethodDispatcherProvider.java:109) ~[jersey-server-3.1.10.jar:?]
	at org.glassfish.jersey.server.model.internal.JavaResourceMethodDispatcherProvider$ResponseOutInvoker.doDispatch(JavaResourceMethodDispatcherProvider.java:176) ~[jersey-server-3.1.10.jar:?]
	at org.glassfish.jersey.server.model.internal.AbstractJavaResourceMethodDispatcher.dispatch(AbstractJavaResourceMethodDispatcher.java:93) ~[jersey-server-3.1.10.jar:?]
	at org.glassfish.jersey.server.model.ResourceMethodInvoker.invoke(ResourceMethodInvoker.java:478) ~[jersey-server-3.1.10.jar:?]
	at org.glassfish.jersey.server.model.ResourceMethodInvoker.apply(ResourceMethodInvoker.java:400) ~[jersey-server-3.1.10.jar:?]
	at org.glassfish.jersey.server.model.ResourceMethodInvoker.apply(ResourceMethodInvoker.java:81) ~[jersey-server-3.1.10.jar:?]
	at org.glassfish.jersey.server.ServerRuntime$1.run(ServerRuntime.java:274) [jersey-server-3.1.10.jar:?]
	at org.glassfish.jersey.internal.Errors$1.call(Errors.java:248) [jersey-common-3.1.10.jar:?]
	at org.glassfish.jersey.internal.Errors$1.call(Errors.java:244) [jersey-common-3.1.10.jar:?]
	at org.glassfish.jersey.internal.Errors.process(Errors.java:292) [jersey-common-3.1.10.jar:?]
	at org.glassfish.jersey.internal.Errors.process(Errors.java:274) [jersey-common-3.1.10.jar:?]
	at org.glassfish.jersey.internal.Errors.process(Errors.java:244) [jersey-common-3.1.10.jar:?]
	at org.glassfish.jersey.process.internal.RequestScope.runInScope(RequestScope.java:266) [jersey-common-3.1.10.jar:?]
	at org.glassfish.jersey.server.ServerRuntime.process(ServerRuntime.java:253) [jersey-server-3.1.10.jar:?]
	at org.glassfish.jersey.server.ApplicationHandler.handle(ApplicationHandler.java:696) [jersey-server-3.1.10.jar:?]
	at org.glassfish.jersey.servlet.WebComponent.serviceImpl(WebComponent.java:397) [jersey-container-servlet-core-3.1.10.jar:?]
	at org.glassfish.jersey.servlet.WebComponent.service(WebComponent.java:349) [jersey-container-servlet-core-3.1.10.jar:?]
	at org.glassfish.jersey.servlet.ServletContainer.service(ServletContainer.java:358) [jersey-container-servlet-core-3.1.10.jar:?]
	at org.glassfish.jersey.servlet.ServletContainer.service(ServletContainer.java:312) [jersey-container-servlet-core-3.1.10.jar:?]
	at org.glassfish.jersey.servlet.ServletContainer.service(ServletContainer.java:205) [jersey-container-servlet-core-3.1.10.jar:?]
	at org.eclipse.jetty.ee10.servlet.ServletHolder.handle(ServletHolder.java:736) [jetty-ee10-servlet-12.0.22.jar:12.0.22]
	at org.eclipse.jetty.ee10.servlet.ServletHandler$ChainEnd.doFilter(ServletHandler.java:1622) [jetty-ee10-servlet-12.0.22.jar:12.0.22]
	at org.eclipse.jetty.ee10.servlet.ServletHandler$MappedServlet.handle(ServletHandler.java:1555) [jetty-ee10-servlet-12.0.22.jar:12.0.22]
	at org.eclipse.jetty.ee10.servlet.ServletChannel.dispatch(ServletChannel.java:823) [jetty-ee10-servlet-12.0.22.jar:12.0.22]
	at org.eclipse.jetty.ee10.servlet.ServletChannel.handle(ServletChannel.java:440) [jetty-ee10-servlet-12.0.22.jar:12.0.22]
	at org.eclipse.jetty.ee10.servlet.ServletHandler.handle(ServletHandler.java:470) [jetty-ee10-servlet-12.0.22.jar:12.0.22]
	at org.eclipse.jetty.ee10.servlet.SessionHandler.handle(SessionHandler.java:717) [jetty-ee10-servlet-12.0.22.jar:12.0.22]
	at org.eclipse.jetty.server.handler.ContextHandler.handle(ContextHandler.java:1071) [jetty-server-12.0.22.jar:12.0.22]
	at org.eclipse.jetty.server.handler.ContextHandlerCollection.handle(ContextHandlerCollection.java:151) [jetty-server-12.0.22.jar:12.0.22]
	at org.eclipse.jetty.server.Handler$Wrapper.handle(Handler.java:740) [jetty-server-12.0.22.jar:12.0.22]
	at org.eclipse.jetty.server.handler.EventsHandler.handle(EventsHandler.java:81) [jetty-server-12.0.22.jar:12.0.22]
	at org.eclipse.jetty.server.Server.handle(Server.java:182) [jetty-server-12.0.22.jar:12.0.22]
	at org.eclipse.jetty.server.internal.HttpChannelState$HandlerInvoker.run(HttpChannelState.java:678) [jetty-server-12.0.22.jar:12.0.22]
	at org.eclipse.jetty.server.internal.HttpConnection.onFillable(HttpConnection.java:416) [jetty-server-12.0.22.jar:12.0.22]
	at org.eclipse.jetty.io.AbstractConnection$ReadCallback.succeeded(AbstractConnection.java:322) [jetty-io-12.0.22.jar:12.0.22]
	at org.eclipse.jetty.io.FillInterest.fillable(FillInterest.java:99) [jetty-io-12.0.22.jar:12.0.22]
	at org.eclipse.jetty.io.SelectableChannelEndPoint$1.run(SelectableChannelEndPoint.java:53) [jetty-io-12.0.22.jar:12.0.22]
	at org.eclipse.jetty.util.thread.strategy.AdaptiveExecutionStrategy.runTask(AdaptiveExecutionStrategy.java:480) [jetty-util-12.0.22.jar:12.0.22]
	at org.eclipse.jetty.util.thread.strategy.AdaptiveExecutionStrategy.consumeTask(AdaptiveExecutionStrategy.java:443) [jetty-util-12.0.22.jar:12.0.22]
	at org.eclipse.jetty.util.thread.strategy.AdaptiveExecutionStrategy.tryProduce(AdaptiveExecutionStrategy.java:293) [jetty-util-12.0.22.jar:12.0.22]
	at org.eclipse.jetty.util.thread.strategy.AdaptiveExecutionStrategy.produce(AdaptiveExecutionStrategy.java:195) [jetty-util-12.0.22.jar:12.0.22]
	at org.eclipse.jetty.util.thread.QueuedThreadPool.runJob(QueuedThreadPool.java:981) [jetty-util-12.0.22.jar:12.0.22]
	at org.eclipse.jetty.util.thread.QueuedThreadPool$Runner.doRunJob(QueuedThreadPool.java:1211) [jetty-util-12.0.22.jar:12.0.22]
	at org.eclipse.jetty.util.thread.QueuedThreadPool$Runner.run(QueuedThreadPool.java:1166) [jetty-util-12.0.22.jar:12.0.22]
	at java.base/java.lang.Thread.run(Thread.java:1474) [?:?]
[2026-05-12 00:25:23,356] INFO 127.0.0.1 - - [11/May/2026:18:55:23 +0000] "POST /connectors HTTP/1.1" 500 457 "" "curl/8.7.1" 87 (org.apache.kafka.connect.runtime.rest.RestServer:57)
[2026-05-12 00:25:27,472] INFO Validating connector com.clickhouse.kafka.connect.ClickHouseSinkConnector, version v1.3.5 (org.apache.kafka.connect.runtime.AbstractHerder:847)
[2026-05-12 00:25:27,474] INFO AbstractConfig values: 
 (org.apache.kafka.common.config.AbstractConfig:380)
[2026-05-12 00:25:27,476] INFO [clickhouse-sink-connector|worker] Creating connector clickhouse-sink-connector of type com.clickhouse.kafka.connect.ClickHouseSinkConnector (org.apache.kafka.connect.runtime.Worker:325)
[2026-05-12 00:25:27,477] INFO [clickhouse-sink-connector|worker] SinkConnectorConfig values: 
	config.action.reload = restart
	connector.class = com.clickhouse.kafka.connect.ClickHouseSinkConnector
	connector.plugin.version = null
	errors.deadletterqueue.context.headers.enable = false
	errors.deadletterqueue.topic.name = 
	errors.deadletterqueue.topic.replication.factor = 3
	errors.log.enable = false
	errors.log.include.messages = false
	errors.retry.delay.max.ms = 60000
	errors.retry.timeout = 0
	errors.tolerance = none
	header.converter = null
	header.converter.plugin.version = null
	key.converter = null
	key.converter.plugin.version = null
	name = clickhouse-sink-connector
	predicates = []
	tasks.max = 2
	tasks.max.enforce = true
	topics = [router-metrics]
	topics.regex = 
	transforms = []
	value.converter = null
	value.converter.plugin.version = null
 (org.apache.kafka.common.config.AbstractConfig:380)
[2026-05-12 00:25:27,477] INFO [clickhouse-sink-connector|worker] EnrichedConnectorConfig values: 
	config.action.reload = restart
	connector.class = com.clickhouse.kafka.connect.ClickHouseSinkConnector
	connector.plugin.version = null
	errors.deadletterqueue.context.headers.enable = false
	errors.deadletterqueue.topic.name = 
	errors.deadletterqueue.topic.replication.factor = 3
	errors.log.enable = false
	errors.log.include.messages = false
	errors.retry.delay.max.ms = 60000
	errors.retry.timeout = 0
	errors.tolerance = none
	header.converter = null
	header.converter.plugin.version = null
	key.converter = null
	key.converter.plugin.version = null
	name = clickhouse-sink-connector
	predicates = []
	tasks.max = 2
	tasks.max.enforce = true
	topics = [router-metrics]
	topics.regex = 
	transforms = []
	value.converter = null
	value.converter.plugin.version = null
 (org.apache.kafka.common.config.AbstractConfig:380)
[2026-05-12 00:25:27,480] INFO [clickhouse-sink-connector|worker] Instantiated connector clickhouse-sink-connector with version v1.3.5 of type class com.clickhouse.kafka.connect.ClickHouseSinkConnector (org.apache.kafka.connect.runtime.Worker:349)
[2026-05-12 00:25:27,480] INFO [clickhouse-sink-connector|worker] Finished creating connector clickhouse-sink-connector (org.apache.kafka.connect.runtime.Worker:371)
[2026-05-12 00:25:27,480] INFO [clickhouse-sink-connector|worker] Starting SinkConnect... (com.clickhouse.kafka.connect.ClickHouseSinkConnector:55)
[2026-05-12 00:25:27,480] INFO [clickhouse-sink-connector|worker] Version: v1.3.5 (com.clickhouse.kafka.connect.ClickHouseSinkConnector:56)
[2026-05-12 00:25:27,480] INFO SinkConnectorConfig values: 
	config.action.reload = restart
	connector.class = com.clickhouse.kafka.connect.ClickHouseSinkConnector
	connector.plugin.version = null
	errors.deadletterqueue.context.headers.enable = false
	errors.deadletterqueue.topic.name = 
	errors.deadletterqueue.topic.replication.factor = 3
	errors.log.enable = false
	errors.log.include.messages = false
	errors.retry.delay.max.ms = 60000
	errors.retry.timeout = 0
	errors.tolerance = none
	header.converter = null
	header.converter.plugin.version = null
	key.converter = null
	key.converter.plugin.version = null
	name = clickhouse-sink-connector
	predicates = []
	tasks.max = 2
	tasks.max.enforce = true
	topics = [router-metrics]
	topics.regex = 
	transforms = []
	value.converter = null
	value.converter.plugin.version = null
 (org.apache.kafka.common.config.AbstractConfig:380)
[2026-05-12 00:25:27,481] INFO EnrichedConnectorConfig values: 
	config.action.reload = restart
	connector.class = com.clickhouse.kafka.connect.ClickHouseSinkConnector
	connector.plugin.version = null
	errors.deadletterqueue.context.headers.enable = false
	errors.deadletterqueue.topic.name = 
	errors.deadletterqueue.topic.replication.factor = 3
	errors.log.enable = false
	errors.log.include.messages = false
	errors.retry.delay.max.ms = 60000
	errors.retry.timeout = 0
	errors.tolerance = none
	header.converter = null
	header.converter.plugin.version = null
	key.converter = null
	key.converter.plugin.version = null
	name = clickhouse-sink-connector
	predicates = []
	tasks.max = 2
	tasks.max.enforce = true
	topics = [router-metrics]
	topics.regex = 
	transforms = []
	value.converter = null
	value.converter.plugin.version = null
 (org.apache.kafka.common.config.AbstractConfig:380)
[2026-05-12 00:25:27,483] INFO [clickhouse-sink-connector|task-0] Creating task clickhouse-sink-connector-0 (org.apache.kafka.connect.runtime.Worker:677)
[2026-05-12 00:25:27,484] INFO [clickhouse-sink-connector|task-0] ConnectorConfig values: 
	config.action.reload = restart
	connector.class = com.clickhouse.kafka.connect.ClickHouseSinkConnector
	connector.plugin.version = null
	errors.log.enable = false
	errors.log.include.messages = false
	errors.retry.delay.max.ms = 60000
	errors.retry.timeout = 0
	errors.tolerance = none
	header.converter = null
	header.converter.plugin.version = null
	key.converter = null
	key.converter.plugin.version = null
	name = clickhouse-sink-connector
	predicates = []
	tasks.max = 2
	tasks.max.enforce = true
	transforms = []
	value.converter = null
	value.converter.plugin.version = null
 (org.apache.kafka.common.config.AbstractConfig:380)
[2026-05-12 00:25:27,484] INFO [clickhouse-sink-connector|task-0] EnrichedConnectorConfig values: 
	config.action.reload = restart
	connector.class = com.clickhouse.kafka.connect.ClickHouseSinkConnector
	connector.plugin.version = null
	errors.log.enable = false
	errors.log.include.messages = false
	errors.retry.delay.max.ms = 60000
	errors.retry.timeout = 0
	errors.tolerance = none
	header.converter = null
	header.converter.plugin.version = null
	key.converter = null
	key.converter.plugin.version = null
	name = clickhouse-sink-connector
	predicates = []
	tasks.max = 2
	tasks.max.enforce = true
	transforms = []
	value.converter = null
	value.converter.plugin.version = null
 (org.apache.kafka.common.config.AbstractConfig:380)
[2026-05-12 00:25:27,484] INFO [clickhouse-sink-connector|task-0] TaskConfig values: 
	task.class = class com.clickhouse.kafka.connect.sink.ClickHouseSinkTask
 (org.apache.kafka.common.config.AbstractConfig:380)
[2026-05-12 00:25:27,484] INFO [clickhouse-sink-connector|task-0] Instantiated task clickhouse-sink-connector-0 with version 0.0.1 of type com.clickhouse.kafka.connect.sink.ClickHouseSinkTask (org.apache.kafka.connect.runtime.Worker:697)
[2026-05-12 00:25:27,484] INFO [clickhouse-sink-connector|task-0] StringConverterConfig values: 
	converter.encoding = UTF-8
	converter.type = key
 (org.apache.kafka.common.config.AbstractConfig:380)
[2026-05-12 00:25:27,485] INFO [clickhouse-sink-connector|task-0] Set up the key converter class org.apache.kafka.connect.storage.StringConverter for task clickhouse-sink-connector-0 using the worker config (org.apache.kafka.connect.runtime.Worker:710)
[2026-05-12 00:25:27,485] INFO [clickhouse-sink-connector|task-0] JsonConverterConfig values: 
	converter.type = value
	decimal.format = BASE64
	replace.null.with.default = true
	schemas.cache.size = 1000
	schemas.enable = false
 (org.apache.kafka.common.config.AbstractConfig:380)
[2026-05-12 00:25:27,485] INFO [clickhouse-sink-connector|task-0] Set up the value converter class org.apache.kafka.connect.json.JsonConverter for task clickhouse-sink-connector-0 using the worker config (org.apache.kafka.connect.runtime.Worker:716)
[2026-05-12 00:25:27,485] INFO [clickhouse-sink-connector|task-0] Set up the header converter class org.apache.kafka.connect.storage.SimpleHeaderConverter for task clickhouse-sink-connector-0 using the worker config (org.apache.kafka.connect.runtime.Worker:722)
[2026-05-12 00:25:27,486] INFO [clickhouse-sink-connector|task-0] Initializing: org.apache.kafka.connect.runtime.TransformationChain{} (org.apache.kafka.connect.runtime.Worker:1854)
[2026-05-12 00:25:27,486] INFO [clickhouse-sink-connector|task-0] SinkConnectorConfig values: 
	config.action.reload = restart
	connector.class = com.clickhouse.kafka.connect.ClickHouseSinkConnector
	connector.plugin.version = null
	errors.deadletterqueue.context.headers.enable = false
	errors.deadletterqueue.topic.name = 
	errors.deadletterqueue.topic.replication.factor = 3
	errors.log.enable = false
	errors.log.include.messages = false
	errors.retry.delay.max.ms = 60000
	errors.retry.timeout = 0
	errors.tolerance = none
	header.converter = null
	header.converter.plugin.version = null
	key.converter = null
	key.converter.plugin.version = null
	name = clickhouse-sink-connector
	predicates = []
	tasks.max = 2
	tasks.max.enforce = true
	topics = [router-metrics]
	topics.regex = 
	transforms = []
	value.converter = null
	value.converter.plugin.version = null
 (org.apache.kafka.common.config.AbstractConfig:380)
[2026-05-12 00:25:27,488] INFO [clickhouse-sink-connector|task-0] EnrichedConnectorConfig values: 
	config.action.reload = restart
	connector.class = com.clickhouse.kafka.connect.ClickHouseSinkConnector
	connector.plugin.version = null
	errors.deadletterqueue.context.headers.enable = false
	errors.deadletterqueue.topic.name = 
	errors.deadletterqueue.topic.replication.factor = 3
	errors.log.enable = false
	errors.log.include.messages = false
	errors.retry.delay.max.ms = 60000
	errors.retry.timeout = 0
	errors.tolerance = none
	header.converter = null
	header.converter.plugin.version = null
	key.converter = null
	key.converter.plugin.version = null
	name = clickhouse-sink-connector
	predicates = []
	tasks.max = 2
	tasks.max.enforce = true
	topics = [router-metrics]
	topics.regex = 
	transforms = []
	value.converter = null
	value.converter.plugin.version = null
 (org.apache.kafka.common.config.AbstractConfig:380)
[2026-05-12 00:25:27,489] INFO [clickhouse-sink-connector|task-0] ConsumerConfig values: 
	allow.auto.create.topics = true
	auto.commit.interval.ms = 5000
	auto.offset.reset = earliest
	bootstrap.servers = [localhost:9092]
	check.crcs = true
	client.dns.lookup = use_all_dns_ips
	client.id = connector-consumer-clickhouse-sink-connector-0
	client.rack = 
	connections.max.idle.ms = 540000
	default.api.timeout.ms = 60000
	enable.auto.commit = false
	enable.metrics.push = true
	exclude.internal.topics = true
	fetch.max.bytes = 52428800
	fetch.max.wait.ms = 500
	fetch.min.bytes = 1
	group.id = connect-clickhouse-sink-connector
	group.instance.id = null
	group.protocol = classic
	group.remote.assignor = null
	heartbeat.interval.ms = 3000
	interceptor.classes = []
	internal.leave.group.on.close = true
	internal.throw.on.fetch.stable.offset.unsupported = false
	isolation.level = read_uncommitted
	key.deserializer = class org.apache.kafka.common.serialization.ByteArrayDeserializer
	max.partition.fetch.bytes = 1048576
	max.poll.interval.ms = 300000
	max.poll.records = 500
	metadata.max.age.ms = 300000
	metadata.recovery.rebootstrap.trigger.ms = 300000
	metadata.recovery.strategy = rebootstrap
	metric.reporters = [org.apache.kafka.common.metrics.JmxReporter]
	metrics.num.samples = 2
	metrics.recording.level = INFO
	metrics.sample.window.ms = 30000
	partition.assignment.strategy = [class org.apache.kafka.clients.consumer.RangeAssignor, class org.apache.kafka.clients.consumer.CooperativeStickyAssignor]
	receive.buffer.bytes = 65536
	reconnect.backoff.max.ms = 1000
	reconnect.backoff.ms = 50
	request.timeout.ms = 30000
	retry.backoff.max.ms = 1000
	retry.backoff.ms = 100
	sasl.client.callback.handler.class = null
	sasl.jaas.config = null
	sasl.kerberos.kinit.cmd = /usr/bin/kinit
	sasl.kerberos.min.time.before.relogin = 60000
	sasl.kerberos.service.name = null
	sasl.kerberos.ticket.renew.jitter = 0.05
	sasl.kerberos.ticket.renew.window.factor = 0.8
	sasl.login.callback.handler.class = null
	sasl.login.class = null
	sasl.login.connect.timeout.ms = null
	sasl.login.read.timeout.ms = null
	sasl.login.refresh.buffer.seconds = 300
	sasl.login.refresh.min.period.seconds = 60
	sasl.login.refresh.window.factor = 0.8
	sasl.login.refresh.window.jitter = 0.05
	sasl.login.retry.backoff.max.ms = 10000
	sasl.login.retry.backoff.ms = 100
	sasl.mechanism = GSSAPI
	sasl.oauthbearer.assertion.algorithm = RS256
	sasl.oauthbearer.assertion.claim.aud = null
	sasl.oauthbearer.assertion.claim.exp.seconds = 300
	sasl.oauthbearer.assertion.claim.iss = null
	sasl.oauthbearer.assertion.claim.jti.include = false
	sasl.oauthbearer.assertion.claim.nbf.seconds = 60
	sasl.oauthbearer.assertion.claim.sub = null
	sasl.oauthbearer.assertion.file = null
	sasl.oauthbearer.assertion.private.key.file = null
	sasl.oauthbearer.assertion.private.key.passphrase = null
	sasl.oauthbearer.assertion.template.file = null
	sasl.oauthbearer.client.credentials.client.id = null
	sasl.oauthbearer.client.credentials.client.secret = null
	sasl.oauthbearer.clock.skew.seconds = 30
	sasl.oauthbearer.expected.audience = null
	sasl.oauthbearer.expected.issuer = null
	sasl.oauthbearer.header.urlencode = false
	sasl.oauthbearer.jwks.endpoint.refresh.ms = 3600000
	sasl.oauthbearer.jwks.endpoint.retry.backoff.max.ms = 10000
	sasl.oauthbearer.jwks.endpoint.retry.backoff.ms = 100
	sasl.oauthbearer.jwks.endpoint.url = null
	sasl.oauthbearer.jwt.retriever.class = class org.apache.kafka.common.security.oauthbearer.DefaultJwtRetriever
	sasl.oauthbearer.jwt.validator.class = class org.apache.kafka.common.security.oauthbearer.DefaultJwtValidator
	sasl.oauthbearer.scope = null
	sasl.oauthbearer.scope.claim.name = scope
	sasl.oauthbearer.sub.claim.name = sub
	sasl.oauthbearer.token.endpoint.url = null
	security.protocol = PLAINTEXT
	security.providers = null
	send.buffer.bytes = 131072
	session.timeout.ms = 45000
	share.acknowledgement.mode = implicit
	socket.connection.setup.timeout.max.ms = 30000
	socket.connection.setup.timeout.ms = 10000
	ssl.cipher.suites = null
	ssl.enabled.protocols = [TLSv1.2, TLSv1.3]
	ssl.endpoint.identification.algorithm = https
	ssl.engine.factory.class = null
	ssl.key.password = null
	ssl.keymanager.algorithm = SunX509
	ssl.keystore.certificate.chain = null
	ssl.keystore.key = null
	ssl.keystore.location = null
	ssl.keystore.password = null
	ssl.keystore.type = JKS
	ssl.protocol = TLSv1.3
	ssl.provider = null
	ssl.secure.random.implementation = null
	ssl.trustmanager.algorithm = PKIX
	ssl.truststore.certificates = null
	ssl.truststore.location = null
	ssl.truststore.password = null
	ssl.truststore.type = JKS
	value.deserializer = class org.apache.kafka.common.serialization.ByteArrayDeserializer
 (org.apache.kafka.common.config.AbstractConfig:380)
[2026-05-12 00:25:27,490] INFO [clickhouse-sink-connector|task-0] initializing Kafka metrics collector (org.apache.kafka.common.telemetry.internals.KafkaMetricsCollector:270)
[2026-05-12 00:25:27,496] INFO [clickhouse-sink-connector|task-0] These configurations '[metrics.context.connect.kafka.cluster.id]' were supplied but are not used yet. (org.apache.kafka.common.config.AbstractConfig:389)
[2026-05-12 00:25:27,496] INFO [clickhouse-sink-connector|task-0] Kafka version: 4.1.1 (org.apache.kafka.common.utils.AppInfoParser:125)
[2026-05-12 00:25:27,497] INFO [clickhouse-sink-connector|task-0] Kafka commitId: be816b82d25370ce (org.apache.kafka.common.utils.AppInfoParser:126)
[2026-05-12 00:25:27,497] INFO [clickhouse-sink-connector|task-0] Kafka startTimeMs: 1778525727496 (org.apache.kafka.common.utils.AppInfoParser:127)
[2026-05-12 00:25:27,498] INFO [clickhouse-sink-connector|task-1] Creating task clickhouse-sink-connector-1 (org.apache.kafka.connect.runtime.Worker:677)
[2026-05-12 00:25:27,498] INFO [clickhouse-sink-connector|task-1] ConnectorConfig values: 
	config.action.reload = restart
	connector.class = com.clickhouse.kafka.connect.ClickHouseSinkConnector
	connector.plugin.version = null
	errors.log.enable = false
	errors.log.include.messages = false
	errors.retry.delay.max.ms = 60000
	errors.retry.timeout = 0
	errors.tolerance = none
	header.converter = null
	header.converter.plugin.version = null
	key.converter = null
	key.converter.plugin.version = null
	name = clickhouse-sink-connector
	predicates = []
	tasks.max = 2
	tasks.max.enforce = true
	transforms = []
	value.converter = null
	value.converter.plugin.version = null
 (org.apache.kafka.common.config.AbstractConfig:380)
[2026-05-12 00:25:27,499] INFO [clickhouse-sink-connector|task-1] EnrichedConnectorConfig values: 
	config.action.reload = restart
	connector.class = com.clickhouse.kafka.connect.ClickHouseSinkConnector
	connector.plugin.version = null
	errors.log.enable = false
	errors.log.include.messages = false
	errors.retry.delay.max.ms = 60000
	errors.retry.timeout = 0
	errors.tolerance = none
	header.converter = null
	header.converter.plugin.version = null
	key.converter = null
	key.converter.plugin.version = null
	name = clickhouse-sink-connector
	predicates = []
	tasks.max = 2
	tasks.max.enforce = true
	transforms = []
	value.converter = null
	value.converter.plugin.version = null
 (org.apache.kafka.common.config.AbstractConfig:380)
[2026-05-12 00:25:27,499] INFO [clickhouse-sink-connector|task-1] TaskConfig values: 
	task.class = class com.clickhouse.kafka.connect.sink.ClickHouseSinkTask
 (org.apache.kafka.common.config.AbstractConfig:380)
[2026-05-12 00:25:27,499] INFO [clickhouse-sink-connector|task-0] [Consumer clientId=connector-consumer-clickhouse-sink-connector-0, groupId=connect-clickhouse-sink-connector] Subscribed to topic(s): router-metrics (org.apache.kafka.clients.consumer.internals.ClassicKafkaConsumer:504)
[2026-05-12 00:25:27,499] INFO [clickhouse-sink-connector|task-1] Instantiated task clickhouse-sink-connector-1 with version 0.0.1 of type com.clickhouse.kafka.connect.sink.ClickHouseSinkTask (org.apache.kafka.connect.runtime.Worker:697)
[2026-05-12 00:25:27,499] INFO [clickhouse-sink-connector|task-0] Start SinkTask:  (com.clickhouse.kafka.connect.sink.ClickHouseSinkTask:32)
[2026-05-12 00:25:27,499] INFO [clickhouse-sink-connector|task-1] StringConverterConfig values: 
	converter.encoding = UTF-8
	converter.type = key
 (org.apache.kafka.common.config.AbstractConfig:380)
[2026-05-12 00:25:27,499] INFO [clickhouse-sink-connector|task-0] Errant record reporter not configured. (com.clickhouse.kafka.connect.sink.ClickHouseSinkTask:97)
[2026-05-12 00:25:27,499] INFO [clickhouse-sink-connector|task-1] Set up the key converter class org.apache.kafka.connect.storage.StringConverter for task clickhouse-sink-connector-1 using the worker config (org.apache.kafka.connect.runtime.Worker:710)
[2026-05-12 00:25:27,499] INFO [clickhouse-sink-connector|task-0] Enable ExactlyOnce? false (com.clickhouse.kafka.connect.sink.ProxySinkTask:46)
[2026-05-12 00:25:27,499] INFO [clickhouse-sink-connector|task-0] Register MBean [com.clickhouse:type=ClickHouseKafkaConnector,name=SinkTask4,version=v1.3.5] (com.clickhouse.kafka.connect.sink.ProxySinkTask:52)
[2026-05-12 00:25:27,499] INFO [clickhouse-sink-connector|task-1] JsonConverterConfig values: 
	converter.type = value
	decimal.format = BASE64
	replace.null.with.default = true
	schemas.cache.size = 1000
	schemas.enable = false
 (org.apache.kafka.common.config.AbstractConfig:380)
[2026-05-12 00:25:27,499] INFO [clickhouse-sink-connector|task-1] Set up the value converter class org.apache.kafka.connect.json.JsonConverter for task clickhouse-sink-connector-1 using the worker config (org.apache.kafka.connect.runtime.Worker:716)
[2026-05-12 00:25:27,499] INFO [clickhouse-sink-connector|task-1] Set up the header converter class org.apache.kafka.connect.storage.SimpleHeaderConverter for task clickhouse-sink-connector-1 using the worker config (org.apache.kafka.connect.runtime.Worker:722)
[2026-05-12 00:25:27,499] INFO [clickhouse-sink-connector|task-1] Initializing: org.apache.kafka.connect.runtime.TransformationChain{} (org.apache.kafka.connect.runtime.Worker:1854)
[2026-05-12 00:25:27,499] INFO [clickhouse-sink-connector|task-1] SinkConnectorConfig values: 
	config.action.reload = restart
	connector.class = com.clickhouse.kafka.connect.ClickHouseSinkConnector
	connector.plugin.version = null
	errors.deadletterqueue.context.headers.enable = false
	errors.deadletterqueue.topic.name = 
	errors.deadletterqueue.topic.replication.factor = 3
	errors.log.enable = false
	errors.log.include.messages = false
	errors.retry.delay.max.ms = 60000
	errors.retry.timeout = 0
	errors.tolerance = none
	header.converter = null
	header.converter.plugin.version = null
	key.converter = null
	key.converter.plugin.version = null
	name = clickhouse-sink-connector
	predicates = []
	tasks.max = 2
	tasks.max.enforce = true
	topics = [router-metrics]
	topics.regex = 
	transforms = []
	value.converter = null
	value.converter.plugin.version = null
 (org.apache.kafka.common.config.AbstractConfig:380)
[2026-05-12 00:25:27,499] INFO [clickhouse-sink-connector|task-0] ClickHouse URL: http://localhost:8123/default? (com.clickhouse.kafka.connect.sink.db.helper.ClickHouseHelperClient:147)
[2026-05-12 00:25:27,499] INFO [clickhouse-sink-connector|task-1] EnrichedConnectorConfig values: 
	config.action.reload = restart
	connector.class = com.clickhouse.kafka.connect.ClickHouseSinkConnector
	connector.plugin.version = null
	errors.deadletterqueue.context.headers.enable = false
	errors.deadletterqueue.topic.name = 
	errors.deadletterqueue.topic.replication.factor = 3
	errors.log.enable = false
	errors.log.include.messages = false
	errors.retry.delay.max.ms = 60000
	errors.retry.timeout = 0
	errors.tolerance = none
	header.converter = null
	header.converter.plugin.version = null
	key.converter = null
	key.converter.plugin.version = null
	name = clickhouse-sink-connector
	predicates = []
	tasks.max = 2
	tasks.max.enforce = true
	topics = [router-metrics]
	topics.regex = 
	transforms = []
	value.converter = null
	value.converter.plugin.version = null
 (org.apache.kafka.common.config.AbstractConfig:380)
[2026-05-12 00:25:27,500] INFO [clickhouse-sink-connector|task-1] ConsumerConfig values: 
	allow.auto.create.topics = true
	auto.commit.interval.ms = 5000
	auto.offset.reset = earliest
	bootstrap.servers = [localhost:9092]
	check.crcs = true
	client.dns.lookup = use_all_dns_ips
	client.id = connector-consumer-clickhouse-sink-connector-1
	client.rack = 
	connections.max.idle.ms = 540000
	default.api.timeout.ms = 60000
	enable.auto.commit = false
	enable.metrics.push = true
	exclude.internal.topics = true
	fetch.max.bytes = 52428800
	fetch.max.wait.ms = 500
	fetch.min.bytes = 1
	group.id = connect-clickhouse-sink-connector
	group.instance.id = null
	group.protocol = classic
	group.remote.assignor = null
	heartbeat.interval.ms = 3000
	interceptor.classes = []
	internal.leave.group.on.close = true
	internal.throw.on.fetch.stable.offset.unsupported = false
	isolation.level = read_uncommitted
	key.deserializer = class org.apache.kafka.common.serialization.ByteArrayDeserializer
	max.partition.fetch.bytes = 1048576
	max.poll.interval.ms = 300000
	max.poll.records = 500
	metadata.max.age.ms = 300000
	metadata.recovery.rebootstrap.trigger.ms = 300000
	metadata.recovery.strategy = rebootstrap
	metric.reporters = [org.apache.kafka.common.metrics.JmxReporter]
	metrics.num.samples = 2
	metrics.recording.level = INFO
	metrics.sample.window.ms = 30000
	partition.assignment.strategy = [class org.apache.kafka.clients.consumer.RangeAssignor, class org.apache.kafka.clients.consumer.CooperativeStickyAssignor]
	receive.buffer.bytes = 65536
	reconnect.backoff.max.ms = 1000
	reconnect.backoff.ms = 50
	request.timeout.ms = 30000
	retry.backoff.max.ms = 1000
	retry.backoff.ms = 100
	sasl.client.callback.handler.class = null
	sasl.jaas.config = null
	sasl.kerberos.kinit.cmd = /usr/bin/kinit
	sasl.kerberos.min.time.before.relogin = 60000
	sasl.kerberos.service.name = null
	sasl.kerberos.ticket.renew.jitter = 0.05
	sasl.kerberos.ticket.renew.window.factor = 0.8
	sasl.login.callback.handler.class = null
	sasl.login.class = null
	sasl.login.connect.timeout.ms = null
	sasl.login.read.timeout.ms = null
	sasl.login.refresh.buffer.seconds = 300
	sasl.login.refresh.min.period.seconds = 60
	sasl.login.refresh.window.factor = 0.8
	sasl.login.refresh.window.jitter = 0.05
	sasl.login.retry.backoff.max.ms = 10000
	sasl.login.retry.backoff.ms = 100
	sasl.mechanism = GSSAPI
	sasl.oauthbearer.assertion.algorithm = RS256
	sasl.oauthbearer.assertion.claim.aud = null
	sasl.oauthbearer.assertion.claim.exp.seconds = 300
	sasl.oauthbearer.assertion.claim.iss = null
	sasl.oauthbearer.assertion.claim.jti.include = false
	sasl.oauthbearer.assertion.claim.nbf.seconds = 60
	sasl.oauthbearer.assertion.claim.sub = null
	sasl.oauthbearer.assertion.file = null
	sasl.oauthbearer.assertion.private.key.file = null
	sasl.oauthbearer.assertion.private.key.passphrase = null
	sasl.oauthbearer.assertion.template.file = null
	sasl.oauthbearer.client.credentials.client.id = null
	sasl.oauthbearer.client.credentials.client.secret = null
	sasl.oauthbearer.clock.skew.seconds = 30
	sasl.oauthbearer.expected.audience = null
	sasl.oauthbearer.expected.issuer = null
	sasl.oauthbearer.header.urlencode = false
	sasl.oauthbearer.jwks.endpoint.refresh.ms = 3600000
	sasl.oauthbearer.jwks.endpoint.retry.backoff.max.ms = 10000
	sasl.oauthbearer.jwks.endpoint.retry.backoff.ms = 100
	sasl.oauthbearer.jwks.endpoint.url = null
	sasl.oauthbearer.jwt.retriever.class = class org.apache.kafka.common.security.oauthbearer.DefaultJwtRetriever
	sasl.oauthbearer.jwt.validator.class = class org.apache.kafka.common.security.oauthbearer.DefaultJwtValidator
	sasl.oauthbearer.scope = null
	sasl.oauthbearer.scope.claim.name = scope
	sasl.oauthbearer.sub.claim.name = sub
	sasl.oauthbearer.token.endpoint.url = null
	security.protocol = PLAINTEXT
	security.providers = null
	send.buffer.bytes = 131072
	session.timeout.ms = 45000
	share.acknowledgement.mode = implicit
	socket.connection.setup.timeout.max.ms = 30000
	socket.connection.setup.timeout.ms = 10000
	ssl.cipher.suites = null
	ssl.enabled.protocols = [TLSv1.2, TLSv1.3]
	ssl.endpoint.identification.algorithm = https
	ssl.engine.factory.class = null
	ssl.key.password = null
	ssl.keymanager.algorithm = SunX509
	ssl.keystore.certificate.chain = null
	ssl.keystore.key = null
	ssl.keystore.location = null
	ssl.keystore.password = null
	ssl.keystore.type = JKS
	ssl.protocol = TLSv1.3
	ssl.provider = null
	ssl.secure.random.implementation = null
	ssl.trustmanager.algorithm = PKIX
	ssl.truststore.certificates = null
	ssl.truststore.location = null
	ssl.truststore.password = null
	ssl.truststore.type = JKS
	value.deserializer = class org.apache.kafka.common.serialization.ByteArrayDeserializer
 (org.apache.kafka.common.config.AbstractConfig:380)
[2026-05-12 00:25:27,500] INFO [clickhouse-sink-connector|task-1] initializing Kafka metrics collector (org.apache.kafka.common.telemetry.internals.KafkaMetricsCollector:270)
[2026-05-12 00:25:27,502] INFO [clickhouse-sink-connector|task-1] These configurations '[metrics.context.connect.kafka.cluster.id]' were supplied but are not used yet. (org.apache.kafka.common.config.AbstractConfig:389)
[2026-05-12 00:25:27,502] INFO [clickhouse-sink-connector|task-1] Kafka version: 4.1.1 (org.apache.kafka.common.utils.AppInfoParser:125)
[2026-05-12 00:25:27,502] INFO [clickhouse-sink-connector|task-1] Kafka commitId: be816b82d25370ce (org.apache.kafka.common.utils.AppInfoParser:126)
[2026-05-12 00:25:27,502] INFO [clickhouse-sink-connector|task-1] Kafka startTimeMs: 1778525727502 (org.apache.kafka.common.utils.AppInfoParser:127)
[2026-05-12 00:25:27,503] INFO [clickhouse-sink-connector|task-1] [Consumer clientId=connector-consumer-clickhouse-sink-connector-1, groupId=connect-clickhouse-sink-connector] Subscribed to topic(s): router-metrics (org.apache.kafka.clients.consumer.internals.ClassicKafkaConsumer:504)
[2026-05-12 00:25:27,503] INFO [clickhouse-sink-connector|task-1] Start SinkTask:  (com.clickhouse.kafka.connect.sink.ClickHouseSinkTask:32)
[2026-05-12 00:25:27,503] INFO [clickhouse-sink-connector|task-1] Errant record reporter not configured. (com.clickhouse.kafka.connect.sink.ClickHouseSinkTask:97)
[2026-05-12 00:25:27,503] INFO [clickhouse-sink-connector|task-1] Enable ExactlyOnce? false (com.clickhouse.kafka.connect.sink.ProxySinkTask:46)
[2026-05-12 00:25:27,503] INFO [clickhouse-sink-connector|task-1] Register MBean [com.clickhouse:type=ClickHouseKafkaConnector,name=SinkTask5,version=v1.3.5] (com.clickhouse.kafka.connect.sink.ProxySinkTask:52)
[2026-05-12 00:25:27,503] INFO [clickhouse-sink-connector|task-0] ClickHouse URL: http://localhost:8123/default? (com.clickhouse.kafka.connect.sink.db.helper.ClickHouseHelperClient:117)
[2026-05-12 00:25:27,503] INFO [clickhouse-sink-connector|task-1] ClickHouse URL: http://localhost:8123/default? (com.clickhouse.kafka.connect.sink.db.helper.ClickHouseHelperClient:147)
[2026-05-12 00:25:27,503] INFO [clickhouse-sink-connector|task-1] ClickHouse URL: http://localhost:8123/default? (com.clickhouse.kafka.connect.sink.db.helper.ClickHouseHelperClient:117)
[2026-05-12 00:25:27,504] INFO 127.0.0.1 - - [11/May/2026:18:55:27 +0000] "POST /connectors HTTP/1.1" 201 525 "" "curl/8.7.1" 53 (org.apache.kafka.connect.runtime.rest.RestServer:57)
[2026-05-12 00:25:27,519] INFO [clickhouse-sink-connector|task-1] Ping was successful. (com.clickhouse.kafka.connect.sink.db.helper.ClickHouseHelperClient:182)
[2026-05-12 00:25:27,519] INFO [clickhouse-sink-connector|task-0] Ping was successful. (com.clickhouse.kafka.connect.sink.db.helper.ClickHouseHelperClient:182)
[2026-05-12 00:25:27,526] INFO [clickhouse-sink-connector|task-0] Connected to ClickHouse version: 25.9.1.1827 (com.clickhouse.kafka.connect.sink.db.ClickHouseWriter:122)
[2026-05-12 00:25:27,526] INFO [clickhouse-sink-connector|task-1] Connected to ClickHouse version: 25.9.1.1827 (com.clickhouse.kafka.connect.sink.db.ClickHouseWriter:122)
[2026-05-12 00:25:27,650] INFO [clickhouse-sink-connector|task-1] WorkerSinkTask{id=clickhouse-sink-connector-1} Sink task finished initialization and start (org.apache.kafka.connect.runtime.WorkerSinkTask:340)
[2026-05-12 00:25:27,650] INFO [clickhouse-sink-connector|task-1] WorkerSinkTask{id=clickhouse-sink-connector-1} Executing sink task (org.apache.kafka.connect.runtime.WorkerSinkTask:221)
[2026-05-12 00:25:27,655] INFO [clickhouse-sink-connector|task-0] WorkerSinkTask{id=clickhouse-sink-connector-0} Sink task finished initialization and start (org.apache.kafka.connect.runtime.WorkerSinkTask:340)
[2026-05-12 00:25:27,655] INFO [clickhouse-sink-connector|task-0] WorkerSinkTask{id=clickhouse-sink-connector-0} Executing sink task (org.apache.kafka.connect.runtime.WorkerSinkTask:221)
[2026-05-12 00:25:27,669] INFO [clickhouse-sink-connector|task-0] [Consumer clientId=connector-consumer-clickhouse-sink-connector-0, groupId=connect-clickhouse-sink-connector] Cluster ID: 7zqQl3RwTam55Uu5EZOblw (org.apache.kafka.clients.Metadata:365)
[2026-05-12 00:25:27,669] INFO [clickhouse-sink-connector|task-1] [Consumer clientId=connector-consumer-clickhouse-sink-connector-1, groupId=connect-clickhouse-sink-connector] Cluster ID: 7zqQl3RwTam55Uu5EZOblw (org.apache.kafka.clients.Metadata:365)
[2026-05-12 00:25:27,671] INFO [clickhouse-sink-connector|task-1] [Consumer clientId=connector-consumer-clickhouse-sink-connector-1, groupId=connect-clickhouse-sink-connector] Discovered group coordinator localhost:9092 (id: 2147483646 rack: null isFenced: false) (org.apache.kafka.clients.consumer.internals.ConsumerCoordinator:943)
[2026-05-12 00:25:27,671] INFO [clickhouse-sink-connector|task-0] [Consumer clientId=connector-consumer-clickhouse-sink-connector-0, groupId=connect-clickhouse-sink-connector] Discovered group coordinator localhost:9092 (id: 2147483646 rack: null isFenced: false) (org.apache.kafka.clients.consumer.internals.ConsumerCoordinator:943)
[2026-05-12 00:25:27,672] INFO [clickhouse-sink-connector|task-0] [Consumer clientId=connector-consumer-clickhouse-sink-connector-0, groupId=connect-clickhouse-sink-connector] (Re-)joining group (org.apache.kafka.clients.consumer.internals.ConsumerCoordinator:611)
[2026-05-12 00:25:27,672] INFO [clickhouse-sink-connector|task-1] [Consumer clientId=connector-consumer-clickhouse-sink-connector-1, groupId=connect-clickhouse-sink-connector] (Re-)joining group (org.apache.kafka.clients.consumer.internals.ConsumerCoordinator:611)
[2026-05-12 00:25:27,685] INFO [clickhouse-sink-connector|task-1] [Consumer clientId=connector-consumer-clickhouse-sink-connector-1, groupId=connect-clickhouse-sink-connector] Request joining group due to: need to re-join with the given member-id: connector-consumer-clickhouse-sink-connector-1-74f41672-0533-4597-9c96-1ea604bac3cf (org.apache.kafka.clients.consumer.internals.ConsumerCoordinator:1109)
[2026-05-12 00:25:27,685] INFO [clickhouse-sink-connector|task-0] [Consumer clientId=connector-consumer-clickhouse-sink-connector-0, groupId=connect-clickhouse-sink-connector] Request joining group due to: need to re-join with the given member-id: connector-consumer-clickhouse-sink-connector-0-96569c2b-d877-4132-a45d-4ee62a79473b (org.apache.kafka.clients.consumer.internals.ConsumerCoordinator:1109)
[2026-05-12 00:25:27,685] INFO [clickhouse-sink-connector|task-1] [Consumer clientId=connector-consumer-clickhouse-sink-connector-1, groupId=connect-clickhouse-sink-connector] (Re-)joining group (org.apache.kafka.clients.consumer.internals.ConsumerCoordinator:611)
[2026-05-12 00:25:27,685] INFO [clickhouse-sink-connector|task-0] [Consumer clientId=connector-consumer-clickhouse-sink-connector-0, groupId=connect-clickhouse-sink-connector] (Re-)joining group (org.apache.kafka.clients.consumer.internals.ConsumerCoordinator:611)
[2026-05-12 00:25:33,777] INFO [clickhouse-sink-connector|task-0] [Consumer clientId=connector-consumer-clickhouse-sink-connector-0, groupId=connect-clickhouse-sink-connector] Successfully joined group with generation Generation{generationId=5, memberId='connector-consumer-clickhouse-sink-connector-0-96569c2b-d877-4132-a45d-4ee62a79473b', protocol='range'} (org.apache.kafka.clients.consumer.internals.ConsumerCoordinator:672)
[2026-05-12 00:25:33,777] INFO [clickhouse-sink-connector|task-1] [Consumer clientId=connector-consumer-clickhouse-sink-connector-1, groupId=connect-clickhouse-sink-connector] Successfully joined group with generation Generation{generationId=5, memberId='connector-consumer-clickhouse-sink-connector-1-74f41672-0533-4597-9c96-1ea604bac3cf', protocol='range'} (org.apache.kafka.clients.consumer.internals.ConsumerCoordinator:672)
[2026-05-12 00:25:33,779] INFO [clickhouse-sink-connector|task-0] [Consumer clientId=connector-consumer-clickhouse-sink-connector-0, groupId=connect-clickhouse-sink-connector] Finished assignment for group at generation 5: {connector-consumer-clickhouse-sink-connector-0-96569c2b-d877-4132-a45d-4ee62a79473b=Assignment(partitions=[router-metrics-0]), connector-consumer-clickhouse-sink-connector-1-74f41672-0533-4597-9c96-1ea604bac3cf=Assignment(partitions=[])} (org.apache.kafka.clients.consumer.internals.ConsumerCoordinator:703)
[2026-05-12 00:25:33,805] INFO [clickhouse-sink-connector|task-1] [Consumer clientId=connector-consumer-clickhouse-sink-connector-1, groupId=connect-clickhouse-sink-connector] Successfully synced group in generation Generation{generationId=5, memberId='connector-consumer-clickhouse-sink-connector-1-74f41672-0533-4597-9c96-1ea604bac3cf', protocol='range'} (org.apache.kafka.clients.consumer.internals.ConsumerCoordinator:849)
[2026-05-12 00:25:33,805] INFO [clickhouse-sink-connector|task-0] [Consumer clientId=connector-consumer-clickhouse-sink-connector-0, groupId=connect-clickhouse-sink-connector] Successfully synced group in generation Generation{generationId=5, memberId='connector-consumer-clickhouse-sink-connector-0-96569c2b-d877-4132-a45d-4ee62a79473b', protocol='range'} (org.apache.kafka.clients.consumer.internals.ConsumerCoordinator:849)
[2026-05-12 00:25:33,807] INFO [clickhouse-sink-connector|task-1] [Consumer clientId=connector-consumer-clickhouse-sink-connector-1, groupId=connect-clickhouse-sink-connector] Notifying assignor about the new Assignment(partitions=[]) (org.apache.kafka.clients.consumer.internals.ConsumerCoordinator:363)
[2026-05-12 00:25:33,807] INFO [clickhouse-sink-connector|task-0] [Consumer clientId=connector-consumer-clickhouse-sink-connector-0, groupId=connect-clickhouse-sink-connector] Notifying assignor about the new Assignment(partitions=[router-metrics-0]) (org.apache.kafka.clients.consumer.internals.ConsumerCoordinator:363)
[2026-05-12 00:25:33,807] INFO [clickhouse-sink-connector|task-0] [Consumer clientId=connector-consumer-clickhouse-sink-connector-0, groupId=connect-clickhouse-sink-connector] Adding newly assigned partitions: [router-metrics-0] (org.apache.kafka.clients.consumer.internals.ConsumerRebalanceListenerInvoker:57)
[2026-05-12 00:25:33,807] INFO [clickhouse-sink-connector|task-1] [Consumer clientId=connector-consumer-clickhouse-sink-connector-1, groupId=connect-clickhouse-sink-connector] Adding newly assigned partitions: [] (org.apache.kafka.clients.consumer.internals.ConsumerRebalanceListenerInvoker:57)
[2026-05-12 00:25:33,812] INFO [clickhouse-sink-connector|task-0] [Consumer clientId=connector-consumer-clickhouse-sink-connector-0, groupId=connect-clickhouse-sink-connector] Found no committed offset for partition router-metrics-0 (org.apache.kafka.clients.consumer.internals.ConsumerCoordinator:1573)
[2026-05-12 00:25:33,825] INFO [clickhouse-sink-connector|task-0] [Consumer clientId=connector-consumer-clickhouse-sink-connector-0, groupId=connect-clickhouse-sink-connector] Resetting offset for partition router-metrics-0 to position FetchPosition{offset=0, offsetEpoch=Optional.empty, currentLeader=LeaderAndEpoch{leader=Optional[localhost:9092 (id: 1 rack: null isFenced: false)], epoch=536}}. (org.apache.kafka.clients.consumer.internals.SubscriptionState:457)
[2026-05-12 01:21:19,835] INFO 127.0.0.1 - - [11/May/2026:19:51:19 +0000] "GET /connectors/clickhouse-sink-connector/status HTTP/1.1" 200 288 "" "curl/8.7.1" 143 (org.apache.kafka.connect.runtime.rest.RestServer:57)
[2026-05-12 01:21:34,002] INFO 127.0.0.1 - - [11/May/2026:19:51:33 +0000] "GET /connectors/clickhouse-sink-connector/config HTTP/1.1" 200 353 "" "curl/8.7.1" 31 (org.apache.kafka.connect.runtime.rest.RestServer:57)
[2026-05-12 01:21:42,220] INFO 127.0.0.1 - - [11/May/2026:19:51:42 +0000] "GET /connectors/clickhouse-sink-connector/config HTTP/1.1" 200 353 "" "curl/8.7.1" 19 (org.apache.kafka.connect.runtime.rest.RestServer:57)
[2026-05-12 01:22:32,818] ERROR Uncaught exception in REST call to /connectors (org.apache.kafka.connect.runtime.rest.errors.ConnectExceptionMapper:64)
com.fasterxml.jackson.databind.exc.UnrecognizedPropertyException: Unrecognized field "connector.class" (class org.apache.kafka.connect.runtime.rest.entities.CreateConnectorRequest), not marked as ignorable (3 known properties: "config", "name", "initial_state"])
 at [Source: REDACTED (`StreamReadFeature.INCLUDE_SOURCE_IN_LOCATION` disabled); line: 1, column: 319] (through reference chain: org.apache.kafka.connect.runtime.rest.entities.CreateConnectorRequest["connector.class"])
	at com.fasterxml.jackson.databind.exc.UnrecognizedPropertyException.from(UnrecognizedPropertyException.java:61) ~[jackson-databind-2.19.0.jar:2.19.0]
	at com.fasterxml.jackson.databind.DeserializationContext.handleUnknownProperty(DeserializationContext.java:1180) ~[jackson-databind-2.19.0.jar:2.19.0]
	at com.fasterxml.jackson.databind.deser.std.StdDeserializer.handleUnknownProperty(StdDeserializer.java:2244) ~[jackson-databind-2.19.0.jar:2.19.0]
	at com.fasterxml.jackson.databind.deser.BeanDeserializerBase.handleUnknownProperty(BeanDeserializerBase.java:1823) ~[jackson-databind-2.19.0.jar:2.19.0]
	at com.fasterxml.jackson.databind.deser.BeanDeserializerBase.handleUnknownProperties(BeanDeserializerBase.java:1773) ~[jackson-databind-2.19.0.jar:2.19.0]
	at com.fasterxml.jackson.databind.deser.BeanDeserializer._deserializeUsingPropertyBased(BeanDeserializer.java:563) ~[jackson-databind-2.19.0.jar:2.19.0]
	at com.fasterxml.jackson.databind.deser.BeanDeserializerBase.deserializeFromObjectUsingNonDefault(BeanDeserializerBase.java:1499) ~[jackson-databind-2.19.0.jar:2.19.0]
	at com.fasterxml.jackson.databind.deser.BeanDeserializer.deserializeFromObject(BeanDeserializer.java:340) ~[jackson-databind-2.19.0.jar:2.19.0]
	at com.fasterxml.jackson.databind.deser.BeanDeserializer.deserialize(BeanDeserializer.java:177) ~[jackson-databind-2.19.0.jar:2.19.0]
	at com.fasterxml.jackson.databind.deser.DefaultDeserializationContext.readRootValue(DefaultDeserializationContext.java:342) ~[jackson-databind-2.19.0.jar:2.19.0]
	at com.fasterxml.jackson.databind.ObjectReader._bind(ObjectReader.java:2101) ~[jackson-databind-2.19.0.jar:2.19.0]
	at com.fasterxml.jackson.databind.ObjectReader.readValue(ObjectReader.java:1248) ~[jackson-databind-2.19.0.jar:2.19.0]
	at com.fasterxml.jackson.jakarta.rs.base.ProviderBase.readFrom(ProviderBase.java:791) ~[jackson-jakarta-rs-base-2.19.0.jar:2.19.0]
	at org.glassfish.jersey.message.internal.ReaderInterceptorExecutor$TerminalReaderInterceptor.invokeReadFrom(ReaderInterceptorExecutor.java:236) ~[jersey-common-3.1.10.jar:?]
	at org.glassfish.jersey.message.internal.ReaderInterceptorExecutor$TerminalReaderInterceptor.aroundReadFrom(ReaderInterceptorExecutor.java:215) ~[jersey-common-3.1.10.jar:?]
	at org.glassfish.jersey.message.internal.ReaderInterceptorExecutor.proceed(ReaderInterceptorExecutor.java:135) ~[jersey-common-3.1.10.jar:?]
	at org.glassfish.jersey.server.internal.MappableExceptionWrapperInterceptor.aroundReadFrom(MappableExceptionWrapperInterceptor.java:49) ~[jersey-server-3.1.10.jar:?]
	at org.glassfish.jersey.message.internal.ReaderInterceptorExecutor.proceed(ReaderInterceptorExecutor.java:135) ~[jersey-common-3.1.10.jar:?]
	at org.glassfish.jersey.message.internal.MessageBodyFactory.readFrom(MessageBodyFactory.java:1072) ~[jersey-common-3.1.10.jar:?]
	at org.glassfish.jersey.message.internal.InboundMessageContext.readEntity(InboundMessageContext.java:657) ~[jersey-common-3.1.10.jar:?]
	at org.glassfish.jersey.server.ContainerRequest.readEntity(ContainerRequest.java:290) ~[jersey-server-3.1.10.jar:?]
	at org.glassfish.jersey.server.internal.inject.EntityParamValueParamProvider$EntityValueSupplier.apply(EntityParamValueParamProvider.java:73) ~[jersey-server-3.1.10.jar:?]
	at org.glassfish.jersey.server.internal.inject.EntityParamValueParamProvider$EntityValueSupplier.apply(EntityParamValueParamProvider.java:56) ~[jersey-server-3.1.10.jar:?]
	at org.glassfish.jersey.server.spi.internal.ParamValueFactoryWithSource.apply(ParamValueFactoryWithSource.java:50) ~[jersey-server-3.1.10.jar:?]
	at org.glassfish.jersey.server.spi.internal.ParameterValueHelper.getParameterValues(ParameterValueHelper.java:68) ~[jersey-server-3.1.10.jar:?]
	at org.glassfish.jersey.server.model.internal.JavaResourceMethodDispatcherProvider$AbstractMethodParamInvoker.getParamValues(JavaResourceMethodDispatcherProvider.java:109) ~[jersey-server-3.1.10.jar:?]
	at org.glassfish.jersey.server.model.internal.JavaResourceMethodDispatcherProvider$ResponseOutInvoker.doDispatch(JavaResourceMethodDispatcherProvider.java:176) ~[jersey-server-3.1.10.jar:?]
	at org.glassfish.jersey.server.model.internal.AbstractJavaResourceMethodDispatcher.dispatch(AbstractJavaResourceMethodDispatcher.java:93) ~[jersey-server-3.1.10.jar:?]
	at org.glassfish.jersey.server.model.ResourceMethodInvoker.invoke(ResourceMethodInvoker.java:478) ~[jersey-server-3.1.10.jar:?]
	at org.glassfish.jersey.server.model.ResourceMethodInvoker.apply(ResourceMethodInvoker.java:400) ~[jersey-server-3.1.10.jar:?]
	at org.glassfish.jersey.server.model.ResourceMethodInvoker.apply(ResourceMethodInvoker.java:81) ~[jersey-server-3.1.10.jar:?]
	at org.glassfish.jersey.server.ServerRuntime$1.run(ServerRuntime.java:274) [jersey-server-3.1.10.jar:?]
	at org.glassfish.jersey.internal.Errors$1.call(Errors.java:248) [jersey-common-3.1.10.jar:?]
	at org.glassfish.jersey.internal.Errors$1.call(Errors.java:244) [jersey-common-3.1.10.jar:?]
	at org.glassfish.jersey.internal.Errors.process(Errors.java:292) [jersey-common-3.1.10.jar:?]
	at org.glassfish.jersey.internal.Errors.process(Errors.java:274) [jersey-common-3.1.10.jar:?]
	at org.glassfish.jersey.internal.Errors.process(Errors.java:244) [jersey-common-3.1.10.jar:?]
	at org.glassfish.jersey.process.internal.RequestScope.runInScope(RequestScope.java:266) [jersey-common-3.1.10.jar:?]
	at org.glassfish.jersey.server.ServerRuntime.process(ServerRuntime.java:253) [jersey-server-3.1.10.jar:?]
	at org.glassfish.jersey.server.ApplicationHandler.handle(ApplicationHandler.java:696) [jersey-server-3.1.10.jar:?]
	at org.glassfish.jersey.servlet.WebComponent.serviceImpl(WebComponent.java:397) [jersey-container-servlet-core-3.1.10.jar:?]
	at org.glassfish.jersey.servlet.WebComponent.service(WebComponent.java:349) [jersey-container-servlet-core-3.1.10.jar:?]
	at org.glassfish.jersey.servlet.ServletContainer.service(ServletContainer.java:358) [jersey-container-servlet-core-3.1.10.jar:?]
	at org.glassfish.jersey.servlet.ServletContainer.service(ServletContainer.java:312) [jersey-container-servlet-core-3.1.10.jar:?]
	at org.glassfish.jersey.servlet.ServletContainer.service(ServletContainer.java:205) [jersey-container-servlet-core-3.1.10.jar:?]
	at org.eclipse.jetty.ee10.servlet.ServletHolder.handle(ServletHolder.java:736) [jetty-ee10-servlet-12.0.22.jar:12.0.22]
	at org.eclipse.jetty.ee10.servlet.ServletHandler$ChainEnd.doFilter(ServletHandler.java:1622) [jetty-ee10-servlet-12.0.22.jar:12.0.22]
	at org.eclipse.jetty.ee10.servlet.ServletHandler$MappedServlet.handle(ServletHandler.java:1555) [jetty-ee10-servlet-12.0.22.jar:12.0.22]
	at org.eclipse.jetty.ee10.servlet.ServletChannel.dispatch(ServletChannel.java:823) [jetty-ee10-servlet-12.0.22.jar:12.0.22]
	at org.eclipse.jetty.ee10.servlet.ServletChannel.handle(ServletChannel.java:440) [jetty-ee10-servlet-12.0.22.jar:12.0.22]
	at org.eclipse.jetty.ee10.servlet.ServletHandler.handle(ServletHandler.java:470) [jetty-ee10-servlet-12.0.22.jar:12.0.22]
	at org.eclipse.jetty.ee10.servlet.SessionHandler.handle(SessionHandler.java:717) [jetty-ee10-servlet-12.0.22.jar:12.0.22]
	at org.eclipse.jetty.server.handler.ContextHandler.handle(ContextHandler.java:1071) [jetty-server-12.0.22.jar:12.0.22]
	at org.eclipse.jetty.server.handler.ContextHandlerCollection.handle(ContextHandlerCollection.java:151) [jetty-server-12.0.22.jar:12.0.22]
	at org.eclipse.jetty.server.Handler$Wrapper.handle(Handler.java:740) [jetty-server-12.0.22.jar:12.0.22]
	at org.eclipse.jetty.server.handler.EventsHandler.handle(EventsHandler.java:81) [jetty-server-12.0.22.jar:12.0.22]
	at org.eclipse.jetty.server.Server.handle(Server.java:182) [jetty-server-12.0.22.jar:12.0.22]
	at org.eclipse.jetty.server.internal.HttpChannelState$HandlerInvoker.run(HttpChannelState.java:678) [jetty-server-12.0.22.jar:12.0.22]
	at org.eclipse.jetty.server.internal.HttpConnection.onFillable(HttpConnection.java:416) [jetty-server-12.0.22.jar:12.0.22]
	at org.eclipse.jetty.io.AbstractConnection$ReadCallback.succeeded(AbstractConnection.java:322) [jetty-io-12.0.22.jar:12.0.22]
	at org.eclipse.jetty.io.FillInterest.fillable(FillInterest.java:99) [jetty-io-12.0.22.jar:12.0.22]
	at org.eclipse.jetty.io.SelectableChannelEndPoint$1.run(SelectableChannelEndPoint.java:53) [jetty-io-12.0.22.jar:12.0.22]
	at org.eclipse.jetty.util.thread.strategy.AdaptiveExecutionStrategy.runTask(AdaptiveExecutionStrategy.java:480) [jetty-util-12.0.22.jar:12.0.22]
	at org.eclipse.jetty.util.thread.strategy.AdaptiveExecutionStrategy.consumeTask(AdaptiveExecutionStrategy.java:443) [jetty-util-12.0.22.jar:12.0.22]
	at org.eclipse.jetty.util.thread.strategy.AdaptiveExecutionStrategy.tryProduce(AdaptiveExecutionStrategy.java:293) [jetty-util-12.0.22.jar:12.0.22]
	at org.eclipse.jetty.util.thread.strategy.AdaptiveExecutionStrategy.run(AdaptiveExecutionStrategy.java:201) [jetty-util-12.0.22.jar:12.0.22]
	at org.eclipse.jetty.util.thread.ReservedThreadExecutor$ReservedThread.run(ReservedThreadExecutor.java:311) [jetty-util-12.0.22.jar:12.0.22]
	at org.eclipse.jetty.util.thread.QueuedThreadPool.runJob(QueuedThreadPool.java:981) [jetty-util-12.0.22.jar:12.0.22]
	at org.eclipse.jetty.util.thread.QueuedThreadPool$Runner.doRunJob(QueuedThreadPool.java:1211) [jetty-util-12.0.22.jar:12.0.22]
	at org.eclipse.jetty.util.thread.QueuedThreadPool$Runner.run(QueuedThreadPool.java:1166) [jetty-util-12.0.22.jar:12.0.22]
	at java.base/java.lang.Thread.run(Thread.java:1474) [?:?]
[2026-05-12 01:22:32,847] INFO 127.0.0.1 - - [11/May/2026:19:52:32 +0000] "POST /connectors HTTP/1.1" 500 457 "" "curl/8.7.1" 63 (org.apache.kafka.connect.runtime.rest.RestServer:57)
[2026-05-12 01:22:38,203] INFO [clickhouse-sink-connector|task-0] Stopping task clickhouse-sink-connector-0 (org.apache.kafka.connect.runtime.Worker:1078)
[2026-05-12 01:22:38,205] INFO [clickhouse-sink-connector|task-1] Stopping task clickhouse-sink-connector-1 (org.apache.kafka.connect.runtime.Worker:1078)
[2026-05-12 01:22:38,210] INFO [clickhouse-sink-connector|task-1] Unregister MBean [com.clickhouse:type=ClickHouseKafkaConnector,name=SinkTask5,version=v1.3.5] (com.clickhouse.kafka.connect.sink.ProxySinkTask:58)
[2026-05-12 01:22:38,210] INFO [clickhouse-sink-connector|task-0] Unregister MBean [com.clickhouse:type=ClickHouseKafkaConnector,name=SinkTask4,version=v1.3.5] (com.clickhouse.kafka.connect.sink.ProxySinkTask:58)
[2026-05-12 01:22:38,224] INFO [clickhouse-sink-connector|task-1] [Consumer clientId=connector-consumer-clickhouse-sink-connector-1, groupId=connect-clickhouse-sink-connector] Member connector-consumer-clickhouse-sink-connector-1-74f41672-0533-4597-9c96-1ea604bac3cf sending LeaveGroup request to coordinator localhost:9092 (id: 2147483646 rack: null isFenced: false) due to the consumer is being closed (org.apache.kafka.clients.consumer.internals.ConsumerCoordinator:1174)
[2026-05-12 01:22:38,224] INFO [clickhouse-sink-connector|task-0] [Consumer clientId=connector-consumer-clickhouse-sink-connector-0, groupId=connect-clickhouse-sink-connector] Revoke previously assigned partitions [router-metrics-0] (org.apache.kafka.clients.consumer.internals.ConsumerRebalanceListenerInvoker:83)
[2026-05-12 01:22:38,225] INFO [clickhouse-sink-connector|task-0] [Consumer clientId=connector-consumer-clickhouse-sink-connector-0, groupId=connect-clickhouse-sink-connector] Member connector-consumer-clickhouse-sink-connector-0-96569c2b-d877-4132-a45d-4ee62a79473b sending LeaveGroup request to coordinator localhost:9092 (id: 2147483646 rack: null isFenced: false) due to the consumer is being closed (org.apache.kafka.clients.consumer.internals.ConsumerCoordinator:1174)
[2026-05-12 01:22:38,226] INFO [clickhouse-sink-connector|task-1] [Consumer clientId=connector-consumer-clickhouse-sink-connector-1, groupId=connect-clickhouse-sink-connector] Resetting generation and member id due to: consumer pro-actively leaving the group (org.apache.kafka.clients.consumer.internals.ConsumerCoordinator:1062)
[2026-05-12 01:22:38,226] INFO [clickhouse-sink-connector|task-0] [Consumer clientId=connector-consumer-clickhouse-sink-connector-0, groupId=connect-clickhouse-sink-connector] Resetting generation and member id due to: consumer pro-actively leaving the group (org.apache.kafka.clients.consumer.internals.ConsumerCoordinator:1062)
[2026-05-12 01:22:38,226] INFO [clickhouse-sink-connector|task-0] [Consumer clientId=connector-consumer-clickhouse-sink-connector-0, groupId=connect-clickhouse-sink-connector] Request joining group due to: consumer pro-actively leaving the group (org.apache.kafka.clients.consumer.internals.ConsumerCoordinator:1109)
[2026-05-12 01:22:38,226] INFO [clickhouse-sink-connector|task-1] [Consumer clientId=connector-consumer-clickhouse-sink-connector-1, groupId=connect-clickhouse-sink-connector] Request joining group due to: consumer pro-actively leaving the group (org.apache.kafka.clients.consumer.internals.ConsumerCoordinator:1109)
[2026-05-12 01:22:38,294] INFO [clickhouse-sink-connector|task-1] Metrics scheduler closed (org.apache.kafka.common.metrics.Metrics:684)
[2026-05-12 01:22:38,294] INFO [clickhouse-sink-connector|task-1] Closing reporter org.apache.kafka.common.metrics.JmxReporter (org.apache.kafka.common.metrics.Metrics:688)
[2026-05-12 01:22:38,294] INFO [clickhouse-sink-connector|task-1] Closing reporter org.apache.kafka.common.telemetry.internals.ClientTelemetryReporter (org.apache.kafka.common.metrics.Metrics:688)
[2026-05-12 01:22:38,295] INFO [clickhouse-sink-connector|task-1] Metrics reporters closed (org.apache.kafka.common.metrics.Metrics:694)
[2026-05-12 01:22:38,300] INFO [clickhouse-sink-connector|task-1] App info kafka.consumer for connector-consumer-clickhouse-sink-connector-1 unregistered (org.apache.kafka.common.utils.AppInfoParser:89)
[2026-05-12 01:22:38,398] INFO [clickhouse-sink-connector|task-0] Metrics scheduler closed (org.apache.kafka.common.metrics.Metrics:684)
[2026-05-12 01:22:38,398] INFO [clickhouse-sink-connector|task-0] Closing reporter org.apache.kafka.common.metrics.JmxReporter (org.apache.kafka.common.metrics.Metrics:688)
[2026-05-12 01:22:38,398] INFO [clickhouse-sink-connector|task-0] Closing reporter org.apache.kafka.common.telemetry.internals.ClientTelemetryReporter (org.apache.kafka.common.metrics.Metrics:688)
[2026-05-12 01:22:38,398] INFO [clickhouse-sink-connector|task-0] Metrics reporters closed (org.apache.kafka.common.metrics.Metrics:694)
[2026-05-12 01:22:38,400] INFO [clickhouse-sink-connector|task-0] App info kafka.consumer for connector-consumer-clickhouse-sink-connector-0 unregistered (org.apache.kafka.common.utils.AppInfoParser:89)
[2026-05-12 01:22:38,402] INFO [clickhouse-sink-connector|worker] Stopping connector clickhouse-sink-connector (org.apache.kafka.connect.runtime.Worker:467)
[2026-05-12 01:22:38,403] INFO [clickhouse-sink-connector|worker] Scheduled shutdown for WorkerConnector{id=clickhouse-sink-connector} (org.apache.kafka.connect.runtime.WorkerConnector:298)
[2026-05-12 01:22:38,405] INFO [clickhouse-sink-connector|worker] stop SinkConnect (com.clickhouse.kafka.connect.ClickHouseSinkConnector:76)
[2026-05-12 01:22:38,406] INFO [clickhouse-sink-connector|worker] Completed shutdown for WorkerConnector{id=clickhouse-sink-connector} (org.apache.kafka.connect.runtime.WorkerConnector:318)
[2026-05-12 01:22:38,412] INFO 127.0.0.1 - - [11/May/2026:19:52:38 +0000] "DELETE /connectors/clickhouse-sink-connector HTTP/1.1" 204 0 "" "curl/8.7.1" 226 (org.apache.kafka.connect.runtime.rest.RestServer:57)
[2026-05-12 01:22:41,921] INFO Validating connector com.clickhouse.kafka.connect.ClickHouseSinkConnector, version v1.3.5 (org.apache.kafka.connect.runtime.AbstractHerder:847)
[2026-05-12 01:22:41,939] INFO AbstractConfig values: 
 (org.apache.kafka.common.config.AbstractConfig:380)
[2026-05-12 01:22:41,944] INFO [clickhouse-sink-connector|worker] Creating connector clickhouse-sink-connector of type com.clickhouse.kafka.connect.ClickHouseSinkConnector (org.apache.kafka.connect.runtime.Worker:325)
[2026-05-12 01:22:41,945] INFO [clickhouse-sink-connector|worker] SinkConnectorConfig values: 
	config.action.reload = restart
	connector.class = com.clickhouse.kafka.connect.ClickHouseSinkConnector
	connector.plugin.version = null
	errors.deadletterqueue.context.headers.enable = false
	errors.deadletterqueue.topic.name = 
	errors.deadletterqueue.topic.replication.factor = 3
	errors.log.enable = false
	errors.log.include.messages = false
	errors.retry.delay.max.ms = 60000
	errors.retry.timeout = 0
	errors.tolerance = none
	header.converter = null
	header.converter.plugin.version = null
	key.converter = null
	key.converter.plugin.version = null
	name = clickhouse-sink-connector
	predicates = []
	tasks.max = 2
	tasks.max.enforce = true
	topics = [router-metrics]
	topics.regex = 
	transforms = []
	value.converter = null
	value.converter.plugin.version = null
 (org.apache.kafka.common.config.AbstractConfig:380)
[2026-05-12 01:22:41,945] INFO [clickhouse-sink-connector|worker] EnrichedConnectorConfig values: 
	config.action.reload = restart
	connector.class = com.clickhouse.kafka.connect.ClickHouseSinkConnector
	connector.plugin.version = null
	errors.deadletterqueue.context.headers.enable = false
	errors.deadletterqueue.topic.name = 
	errors.deadletterqueue.topic.replication.factor = 3
	errors.log.enable = false
	errors.log.include.messages = false
	errors.retry.delay.max.ms = 60000
	errors.retry.timeout = 0
	errors.tolerance = none
	header.converter = null
	header.converter.plugin.version = null
	key.converter = null
	key.converter.plugin.version = null
	name = clickhouse-sink-connector
	predicates = []
	tasks.max = 2
	tasks.max.enforce = true
	topics = [router-metrics]
	topics.regex = 
	transforms = []
	value.converter = null
	value.converter.plugin.version = null
 (org.apache.kafka.common.config.AbstractConfig:380)
[2026-05-12 01:22:41,946] INFO [clickhouse-sink-connector|worker] Instantiated connector clickhouse-sink-connector with version v1.3.5 of type class com.clickhouse.kafka.connect.ClickHouseSinkConnector (org.apache.kafka.connect.runtime.Worker:349)
[2026-05-12 01:22:41,946] INFO [clickhouse-sink-connector|worker] Finished creating connector clickhouse-sink-connector (org.apache.kafka.connect.runtime.Worker:371)
[2026-05-12 01:22:41,946] INFO [clickhouse-sink-connector|worker] Starting SinkConnect... (com.clickhouse.kafka.connect.ClickHouseSinkConnector:55)
[2026-05-12 01:22:41,947] INFO [clickhouse-sink-connector|worker] Version: v1.3.5 (com.clickhouse.kafka.connect.ClickHouseSinkConnector:56)
[2026-05-12 01:22:41,947] INFO SinkConnectorConfig values: 
	config.action.reload = restart
	connector.class = com.clickhouse.kafka.connect.ClickHouseSinkConnector
	connector.plugin.version = null
	errors.deadletterqueue.context.headers.enable = false
	errors.deadletterqueue.topic.name = 
	errors.deadletterqueue.topic.replication.factor = 3
	errors.log.enable = false
	errors.log.include.messages = false
	errors.retry.delay.max.ms = 60000
	errors.retry.timeout = 0
	errors.tolerance = none
	header.converter = null
	header.converter.plugin.version = null
	key.converter = null
	key.converter.plugin.version = null
	name = clickhouse-sink-connector
	predicates = []
	tasks.max = 2
	tasks.max.enforce = true
	topics = [router-metrics]
	topics.regex = 
	transforms = []
	value.converter = null
	value.converter.plugin.version = null
 (org.apache.kafka.common.config.AbstractConfig:380)
[2026-05-12 01:22:41,947] INFO EnrichedConnectorConfig values: 
	config.action.reload = restart
	connector.class = com.clickhouse.kafka.connect.ClickHouseSinkConnector
	connector.plugin.version = null
	errors.deadletterqueue.context.headers.enable = false
	errors.deadletterqueue.topic.name = 
	errors.deadletterqueue.topic.replication.factor = 3
	errors.log.enable = false
	errors.log.include.messages = false
	errors.retry.delay.max.ms = 60000
	errors.retry.timeout = 0
	errors.tolerance = none
	header.converter = null
	header.converter.plugin.version = null
	key.converter = null
	key.converter.plugin.version = null
	name = clickhouse-sink-connector
	predicates = []
	tasks.max = 2
	tasks.max.enforce = true
	topics = [router-metrics]
	topics.regex = 
	transforms = []
	value.converter = null
	value.converter.plugin.version = null
 (org.apache.kafka.common.config.AbstractConfig:380)
[2026-05-12 01:22:41,950] INFO [clickhouse-sink-connector|task-0] Creating task clickhouse-sink-connector-0 (org.apache.kafka.connect.runtime.Worker:677)
[2026-05-12 01:22:41,951] INFO [clickhouse-sink-connector|task-0] ConnectorConfig values: 
	config.action.reload = restart
	connector.class = com.clickhouse.kafka.connect.ClickHouseSinkConnector
	connector.plugin.version = null
	errors.log.enable = false
	errors.log.include.messages = false
	errors.retry.delay.max.ms = 60000
	errors.retry.timeout = 0
	errors.tolerance = none
	header.converter = null
	header.converter.plugin.version = null
	key.converter = null
	key.converter.plugin.version = null
	name = clickhouse-sink-connector
	predicates = []
	tasks.max = 2
	tasks.max.enforce = true
	transforms = []
	value.converter = null
	value.converter.plugin.version = null
 (org.apache.kafka.common.config.AbstractConfig:380)
[2026-05-12 01:22:41,951] INFO [clickhouse-sink-connector|task-0] EnrichedConnectorConfig values: 
	config.action.reload = restart
	connector.class = com.clickhouse.kafka.connect.ClickHouseSinkConnector
	connector.plugin.version = null
	errors.log.enable = false
	errors.log.include.messages = false
	errors.retry.delay.max.ms = 60000
	errors.retry.timeout = 0
	errors.tolerance = none
	header.converter = null
	header.converter.plugin.version = null
	key.converter = null
	key.converter.plugin.version = null
	name = clickhouse-sink-connector
	predicates = []
	tasks.max = 2
	tasks.max.enforce = true
	transforms = []
	value.converter = null
	value.converter.plugin.version = null
 (org.apache.kafka.common.config.AbstractConfig:380)
[2026-05-12 01:22:41,952] INFO [clickhouse-sink-connector|task-0] TaskConfig values: 
	task.class = class com.clickhouse.kafka.connect.sink.ClickHouseSinkTask
 (org.apache.kafka.common.config.AbstractConfig:380)
[2026-05-12 01:22:41,952] INFO [clickhouse-sink-connector|task-0] Instantiated task clickhouse-sink-connector-0 with version 0.0.1 of type com.clickhouse.kafka.connect.sink.ClickHouseSinkTask (org.apache.kafka.connect.runtime.Worker:697)
[2026-05-12 01:22:41,954] INFO [clickhouse-sink-connector|task-0] StringConverterConfig values: 
	converter.encoding = UTF-8
	converter.type = key
 (org.apache.kafka.common.config.AbstractConfig:380)
[2026-05-12 01:22:41,954] INFO [clickhouse-sink-connector|task-0] Set up the key converter class org.apache.kafka.connect.storage.StringConverter for task clickhouse-sink-connector-0 using the worker config (org.apache.kafka.connect.runtime.Worker:710)
[2026-05-12 01:22:41,954] INFO [clickhouse-sink-connector|task-0] JsonConverterConfig values: 
	converter.type = value
	decimal.format = BASE64
	replace.null.with.default = true
	schemas.cache.size = 1000
	schemas.enable = false
 (org.apache.kafka.common.config.AbstractConfig:380)
[2026-05-12 01:22:41,954] INFO [clickhouse-sink-connector|task-0] Set up the value converter class org.apache.kafka.connect.json.JsonConverter for task clickhouse-sink-connector-0 using the worker config (org.apache.kafka.connect.runtime.Worker:716)
[2026-05-12 01:22:41,954] INFO [clickhouse-sink-connector|task-0] Set up the header converter class org.apache.kafka.connect.storage.SimpleHeaderConverter for task clickhouse-sink-connector-0 using the worker config (org.apache.kafka.connect.runtime.Worker:722)
[2026-05-12 01:22:41,955] INFO [clickhouse-sink-connector|task-0] Initializing: org.apache.kafka.connect.runtime.TransformationChain{} (org.apache.kafka.connect.runtime.Worker:1854)
[2026-05-12 01:22:41,955] INFO [clickhouse-sink-connector|task-0] SinkConnectorConfig values: 
	config.action.reload = restart
	connector.class = com.clickhouse.kafka.connect.ClickHouseSinkConnector
	connector.plugin.version = null
	errors.deadletterqueue.context.headers.enable = false
	errors.deadletterqueue.topic.name = 
	errors.deadletterqueue.topic.replication.factor = 3
	errors.log.enable = false
	errors.log.include.messages = false
	errors.retry.delay.max.ms = 60000
	errors.retry.timeout = 0
	errors.tolerance = none
	header.converter = null
	header.converter.plugin.version = null
	key.converter = null
	key.converter.plugin.version = null
	name = clickhouse-sink-connector
	predicates = []
	tasks.max = 2
	tasks.max.enforce = true
	topics = [router-metrics]
	topics.regex = 
	transforms = []
	value.converter = null
	value.converter.plugin.version = null
 (org.apache.kafka.common.config.AbstractConfig:380)
[2026-05-12 01:22:41,955] INFO [clickhouse-sink-connector|task-0] EnrichedConnectorConfig values: 
	config.action.reload = restart
	connector.class = com.clickhouse.kafka.connect.ClickHouseSinkConnector
	connector.plugin.version = null
	errors.deadletterqueue.context.headers.enable = false
	errors.deadletterqueue.topic.name = 
	errors.deadletterqueue.topic.replication.factor = 3
	errors.log.enable = false
	errors.log.include.messages = false
	errors.retry.delay.max.ms = 60000
	errors.retry.timeout = 0
	errors.tolerance = none
	header.converter = null
	header.converter.plugin.version = null
	key.converter = null
	key.converter.plugin.version = null
	name = clickhouse-sink-connector
	predicates = []
	tasks.max = 2
	tasks.max.enforce = true
	topics = [router-metrics]
	topics.regex = 
	transforms = []
	value.converter = null
	value.converter.plugin.version = null
 (org.apache.kafka.common.config.AbstractConfig:380)
[2026-05-12 01:22:41,958] INFO [clickhouse-sink-connector|task-0] ConsumerConfig values: 
	allow.auto.create.topics = true
	auto.commit.interval.ms = 5000
	auto.offset.reset = earliest
	bootstrap.servers = [localhost:9092]
	check.crcs = true
	client.dns.lookup = use_all_dns_ips
	client.id = connector-consumer-clickhouse-sink-connector-0
	client.rack = 
	connections.max.idle.ms = 540000
	default.api.timeout.ms = 60000
	enable.auto.commit = false
	enable.metrics.push = true
	exclude.internal.topics = true
	fetch.max.bytes = 52428800
	fetch.max.wait.ms = 500
	fetch.min.bytes = 1
	group.id = connect-clickhouse-sink-connector
	group.instance.id = null
	group.protocol = classic
	group.remote.assignor = null
	heartbeat.interval.ms = 3000
	interceptor.classes = []
	internal.leave.group.on.close = true
	internal.throw.on.fetch.stable.offset.unsupported = false
	isolation.level = read_uncommitted
	key.deserializer = class org.apache.kafka.common.serialization.ByteArrayDeserializer
	max.partition.fetch.bytes = 1048576
	max.poll.interval.ms = 300000
	max.poll.records = 500
	metadata.max.age.ms = 300000
	metadata.recovery.rebootstrap.trigger.ms = 300000
	metadata.recovery.strategy = rebootstrap
	metric.reporters = [org.apache.kafka.common.metrics.JmxReporter]
	metrics.num.samples = 2
	metrics.recording.level = INFO
	metrics.sample.window.ms = 30000
	partition.assignment.strategy = [class org.apache.kafka.clients.consumer.RangeAssignor, class org.apache.kafka.clients.consumer.CooperativeStickyAssignor]
	receive.buffer.bytes = 65536
	reconnect.backoff.max.ms = 1000
	reconnect.backoff.ms = 50
	request.timeout.ms = 30000
	retry.backoff.max.ms = 1000
	retry.backoff.ms = 100
	sasl.client.callback.handler.class = null
	sasl.jaas.config = null
	sasl.kerberos.kinit.cmd = /usr/bin/kinit
	sasl.kerberos.min.time.before.relogin = 60000
	sasl.kerberos.service.name = null
	sasl.kerberos.ticket.renew.jitter = 0.05
	sasl.kerberos.ticket.renew.window.factor = 0.8
	sasl.login.callback.handler.class = null
	sasl.login.class = null
	sasl.login.connect.timeout.ms = null
	sasl.login.read.timeout.ms = null
	sasl.login.refresh.buffer.seconds = 300
	sasl.login.refresh.min.period.seconds = 60
	sasl.login.refresh.window.factor = 0.8
	sasl.login.refresh.window.jitter = 0.05
	sasl.login.retry.backoff.max.ms = 10000
	sasl.login.retry.backoff.ms = 100
	sasl.mechanism = GSSAPI
	sasl.oauthbearer.assertion.algorithm = RS256
	sasl.oauthbearer.assertion.claim.aud = null
	sasl.oauthbearer.assertion.claim.exp.seconds = 300
	sasl.oauthbearer.assertion.claim.iss = null
	sasl.oauthbearer.assertion.claim.jti.include = false
	sasl.oauthbearer.assertion.claim.nbf.seconds = 60
	sasl.oauthbearer.assertion.claim.sub = null
	sasl.oauthbearer.assertion.file = null
	sasl.oauthbearer.assertion.private.key.file = null
	sasl.oauthbearer.assertion.private.key.passphrase = null
	sasl.oauthbearer.assertion.template.file = null
	sasl.oauthbearer.client.credentials.client.id = null
	sasl.oauthbearer.client.credentials.client.secret = null
	sasl.oauthbearer.clock.skew.seconds = 30
	sasl.oauthbearer.expected.audience = null
	sasl.oauthbearer.expected.issuer = null
	sasl.oauthbearer.header.urlencode = false
	sasl.oauthbearer.jwks.endpoint.refresh.ms = 3600000
	sasl.oauthbearer.jwks.endpoint.retry.backoff.max.ms = 10000
	sasl.oauthbearer.jwks.endpoint.retry.backoff.ms = 100
	sasl.oauthbearer.jwks.endpoint.url = null
	sasl.oauthbearer.jwt.retriever.class = class org.apache.kafka.common.security.oauthbearer.DefaultJwtRetriever
	sasl.oauthbearer.jwt.validator.class = class org.apache.kafka.common.security.oauthbearer.DefaultJwtValidator
	sasl.oauthbearer.scope = null
	sasl.oauthbearer.scope.claim.name = scope
	sasl.oauthbearer.sub.claim.name = sub
	sasl.oauthbearer.token.endpoint.url = null
	security.protocol = PLAINTEXT
	security.providers = null
	send.buffer.bytes = 131072
	session.timeout.ms = 45000
	share.acknowledgement.mode = implicit
	socket.connection.setup.timeout.max.ms = 30000
	socket.connection.setup.timeout.ms = 10000
	ssl.cipher.suites = null
	ssl.enabled.protocols = [TLSv1.2, TLSv1.3]
	ssl.endpoint.identification.algorithm = https
	ssl.engine.factory.class = null
	ssl.key.password = null
	ssl.keymanager.algorithm = SunX509
	ssl.keystore.certificate.chain = null
	ssl.keystore.key = null
	ssl.keystore.location = null
	ssl.keystore.password = null
	ssl.keystore.type = JKS
	ssl.protocol = TLSv1.3
	ssl.provider = null
	ssl.secure.random.implementation = null
	ssl.trustmanager.algorithm = PKIX
	ssl.truststore.certificates = null
	ssl.truststore.location = null
	ssl.truststore.password = null
	ssl.truststore.type = JKS
	value.deserializer = class org.apache.kafka.common.serialization.ByteArrayDeserializer
 (org.apache.kafka.common.config.AbstractConfig:380)
[2026-05-12 01:22:41,963] INFO [clickhouse-sink-connector|task-0] initializing Kafka metrics collector (org.apache.kafka.common.telemetry.internals.KafkaMetricsCollector:270)
[2026-05-12 01:22:41,972] INFO [clickhouse-sink-connector|task-0] These configurations '[metrics.context.connect.kafka.cluster.id]' were supplied but are not used yet. (org.apache.kafka.common.config.AbstractConfig:389)
[2026-05-12 01:22:41,972] INFO [clickhouse-sink-connector|task-0] Kafka version: 4.1.1 (org.apache.kafka.common.utils.AppInfoParser:125)
[2026-05-12 01:22:41,972] INFO [clickhouse-sink-connector|task-0] Kafka commitId: be816b82d25370ce (org.apache.kafka.common.utils.AppInfoParser:126)
[2026-05-12 01:22:41,972] INFO [clickhouse-sink-connector|task-0] Kafka startTimeMs: 1778529161972 (org.apache.kafka.common.utils.AppInfoParser:127)
[2026-05-12 01:22:41,975] INFO [clickhouse-sink-connector|task-1] Creating task clickhouse-sink-connector-1 (org.apache.kafka.connect.runtime.Worker:677)
[2026-05-12 01:22:41,975] INFO [clickhouse-sink-connector|task-1] ConnectorConfig values: 
	config.action.reload = restart
	connector.class = com.clickhouse.kafka.connect.ClickHouseSinkConnector
	connector.plugin.version = null
	errors.log.enable = false
	errors.log.include.messages = false
	errors.retry.delay.max.ms = 60000
	errors.retry.timeout = 0
	errors.tolerance = none
	header.converter = null
	header.converter.plugin.version = null
	key.converter = null
	key.converter.plugin.version = null
	name = clickhouse-sink-connector
	predicates = []
	tasks.max = 2
	tasks.max.enforce = true
	transforms = []
	value.converter = null
	value.converter.plugin.version = null
 (org.apache.kafka.common.config.AbstractConfig:380)
[2026-05-12 01:22:41,975] INFO [clickhouse-sink-connector|task-1] EnrichedConnectorConfig values: 
	config.action.reload = restart
	connector.class = com.clickhouse.kafka.connect.ClickHouseSinkConnector
	connector.plugin.version = null
	errors.log.enable = false
	errors.log.include.messages = false
	errors.retry.delay.max.ms = 60000
	errors.retry.timeout = 0
	errors.tolerance = none
	header.converter = null
	header.converter.plugin.version = null
	key.converter = null
	key.converter.plugin.version = null
	name = clickhouse-sink-connector
	predicates = []
	tasks.max = 2
	tasks.max.enforce = true
	transforms = []
	value.converter = null
	value.converter.plugin.version = null
 (org.apache.kafka.common.config.AbstractConfig:380)
[2026-05-12 01:22:41,975] INFO [clickhouse-sink-connector|task-1] TaskConfig values: 
	task.class = class com.clickhouse.kafka.connect.sink.ClickHouseSinkTask
 (org.apache.kafka.common.config.AbstractConfig:380)
[2026-05-12 01:22:41,975] INFO [clickhouse-sink-connector|task-1] Instantiated task clickhouse-sink-connector-1 with version 0.0.1 of type com.clickhouse.kafka.connect.sink.ClickHouseSinkTask (org.apache.kafka.connect.runtime.Worker:697)
[2026-05-12 01:22:41,975] INFO [clickhouse-sink-connector|task-1] StringConverterConfig values: 
	converter.encoding = UTF-8
	converter.type = key
 (org.apache.kafka.common.config.AbstractConfig:380)
[2026-05-12 01:22:41,975] INFO [clickhouse-sink-connector|task-1] Set up the key converter class org.apache.kafka.connect.storage.StringConverter for task clickhouse-sink-connector-1 using the worker config (org.apache.kafka.connect.runtime.Worker:710)
[2026-05-12 01:22:41,975] INFO [clickhouse-sink-connector|task-0] [Consumer clientId=connector-consumer-clickhouse-sink-connector-0, groupId=connect-clickhouse-sink-connector] Subscribed to topic(s): router-metrics (org.apache.kafka.clients.consumer.internals.ClassicKafkaConsumer:504)
[2026-05-12 01:22:41,976] INFO [clickhouse-sink-connector|task-1] JsonConverterConfig values: 
	converter.type = value
	decimal.format = BASE64
	replace.null.with.default = true
	schemas.cache.size = 1000
	schemas.enable = false
 (org.apache.kafka.common.config.AbstractConfig:380)
[2026-05-12 01:22:41,976] INFO [clickhouse-sink-connector|task-1] Set up the value converter class org.apache.kafka.connect.json.JsonConverter for task clickhouse-sink-connector-1 using the worker config (org.apache.kafka.connect.runtime.Worker:716)
[2026-05-12 01:22:41,976] INFO [clickhouse-sink-connector|task-1] Set up the header converter class org.apache.kafka.connect.storage.SimpleHeaderConverter for task clickhouse-sink-connector-1 using the worker config (org.apache.kafka.connect.runtime.Worker:722)
[2026-05-12 01:22:41,976] INFO [clickhouse-sink-connector|task-0] Start SinkTask:  (com.clickhouse.kafka.connect.sink.ClickHouseSinkTask:32)
[2026-05-12 01:22:41,976] INFO [clickhouse-sink-connector|task-1] Initializing: org.apache.kafka.connect.runtime.TransformationChain{} (org.apache.kafka.connect.runtime.Worker:1854)
[2026-05-12 01:22:41,976] INFO [clickhouse-sink-connector|task-0] Errant record reporter not configured. (com.clickhouse.kafka.connect.sink.ClickHouseSinkTask:97)
[2026-05-12 01:22:41,976] INFO [clickhouse-sink-connector|task-0] Enable ExactlyOnce? false (com.clickhouse.kafka.connect.sink.ProxySinkTask:46)
[2026-05-12 01:22:41,976] INFO [clickhouse-sink-connector|task-1] SinkConnectorConfig values: 
	config.action.reload = restart
	connector.class = com.clickhouse.kafka.connect.ClickHouseSinkConnector
	connector.plugin.version = null
	errors.deadletterqueue.context.headers.enable = false
	errors.deadletterqueue.topic.name = 
	errors.deadletterqueue.topic.replication.factor = 3
	errors.log.enable = false
	errors.log.include.messages = false
	errors.retry.delay.max.ms = 60000
	errors.retry.timeout = 0
	errors.tolerance = none
	header.converter = null
	header.converter.plugin.version = null
	key.converter = null
	key.converter.plugin.version = null
	name = clickhouse-sink-connector
	predicates = []
	tasks.max = 2
	tasks.max.enforce = true
	topics = [router-metrics]
	topics.regex = 
	transforms = []
	value.converter = null
	value.converter.plugin.version = null
 (org.apache.kafka.common.config.AbstractConfig:380)
[2026-05-12 01:22:41,976] INFO [clickhouse-sink-connector|task-0] Register MBean [com.clickhouse:type=ClickHouseKafkaConnector,name=SinkTask6,version=v1.3.5] (com.clickhouse.kafka.connect.sink.ProxySinkTask:52)
[2026-05-12 01:22:41,977] INFO [clickhouse-sink-connector|task-1] EnrichedConnectorConfig values: 
	config.action.reload = restart
	connector.class = com.clickhouse.kafka.connect.ClickHouseSinkConnector
	connector.plugin.version = null
	errors.deadletterqueue.context.headers.enable = false
	errors.deadletterqueue.topic.name = 
	errors.deadletterqueue.topic.replication.factor = 3
	errors.log.enable = false
	errors.log.include.messages = false
	errors.retry.delay.max.ms = 60000
	errors.retry.timeout = 0
	errors.tolerance = none
	header.converter = null
	header.converter.plugin.version = null
	key.converter = null
	key.converter.plugin.version = null
	name = clickhouse-sink-connector
	predicates = []
	tasks.max = 2
	tasks.max.enforce = true
	topics = [router-metrics]
	topics.regex = 
	transforms = []
	value.converter = null
	value.converter.plugin.version = null
 (org.apache.kafka.common.config.AbstractConfig:380)
[2026-05-12 01:22:41,977] INFO [clickhouse-sink-connector|task-1] ConsumerConfig values: 
	allow.auto.create.topics = true
	auto.commit.interval.ms = 5000
	auto.offset.reset = earliest
	bootstrap.servers = [localhost:9092]
	check.crcs = true
	client.dns.lookup = use_all_dns_ips
	client.id = connector-consumer-clickhouse-sink-connector-1
	client.rack = 
	connections.max.idle.ms = 540000
	default.api.timeout.ms = 60000
	enable.auto.commit = false
	enable.metrics.push = true
	exclude.internal.topics = true
	fetch.max.bytes = 52428800
	fetch.max.wait.ms = 500
	fetch.min.bytes = 1
	group.id = connect-clickhouse-sink-connector
	group.instance.id = null
	group.protocol = classic
	group.remote.assignor = null
	heartbeat.interval.ms = 3000
	interceptor.classes = []
	internal.leave.group.on.close = true
	internal.throw.on.fetch.stable.offset.unsupported = false
	isolation.level = read_uncommitted
	key.deserializer = class org.apache.kafka.common.serialization.ByteArrayDeserializer
	max.partition.fetch.bytes = 1048576
	max.poll.interval.ms = 300000
	max.poll.records = 500
	metadata.max.age.ms = 300000
	metadata.recovery.rebootstrap.trigger.ms = 300000
	metadata.recovery.strategy = rebootstrap
	metric.reporters = [org.apache.kafka.common.metrics.JmxReporter]
	metrics.num.samples = 2
	metrics.recording.level = INFO
	metrics.sample.window.ms = 30000
	partition.assignment.strategy = [class org.apache.kafka.clients.consumer.RangeAssignor, class org.apache.kafka.clients.consumer.CooperativeStickyAssignor]
	receive.buffer.bytes = 65536
	reconnect.backoff.max.ms = 1000
	reconnect.backoff.ms = 50
	request.timeout.ms = 30000
	retry.backoff.max.ms = 1000
	retry.backoff.ms = 100
	sasl.client.callback.handler.class = null
	sasl.jaas.config = null
	sasl.kerberos.kinit.cmd = /usr/bin/kinit
	sasl.kerberos.min.time.before.relogin = 60000
	sasl.kerberos.service.name = null
	sasl.kerberos.ticket.renew.jitter = 0.05
	sasl.kerberos.ticket.renew.window.factor = 0.8
	sasl.login.callback.handler.class = null
	sasl.login.class = null
	sasl.login.connect.timeout.ms = null
	sasl.login.read.timeout.ms = null
	sasl.login.refresh.buffer.seconds = 300
	sasl.login.refresh.min.period.seconds = 60
	sasl.login.refresh.window.factor = 0.8
	sasl.login.refresh.window.jitter = 0.05
	sasl.login.retry.backoff.max.ms = 10000
	sasl.login.retry.backoff.ms = 100
	sasl.mechanism = GSSAPI
	sasl.oauthbearer.assertion.algorithm = RS256
	sasl.oauthbearer.assertion.claim.aud = null
	sasl.oauthbearer.assertion.claim.exp.seconds = 300
	sasl.oauthbearer.assertion.claim.iss = null
	sasl.oauthbearer.assertion.claim.jti.include = false
	sasl.oauthbearer.assertion.claim.nbf.seconds = 60
	sasl.oauthbearer.assertion.claim.sub = null
	sasl.oauthbearer.assertion.file = null
	sasl.oauthbearer.assertion.private.key.file = null
	sasl.oauthbearer.assertion.private.key.passphrase = null
	sasl.oauthbearer.assertion.template.file = null
	sasl.oauthbearer.client.credentials.client.id = null
	sasl.oauthbearer.client.credentials.client.secret = null
	sasl.oauthbearer.clock.skew.seconds = 30
	sasl.oauthbearer.expected.audience = null
	sasl.oauthbearer.expected.issuer = null
	sasl.oauthbearer.header.urlencode = false
	sasl.oauthbearer.jwks.endpoint.refresh.ms = 3600000
	sasl.oauthbearer.jwks.endpoint.retry.backoff.max.ms = 10000
	sasl.oauthbearer.jwks.endpoint.retry.backoff.ms = 100
	sasl.oauthbearer.jwks.endpoint.url = null
	sasl.oauthbearer.jwt.retriever.class = class org.apache.kafka.common.security.oauthbearer.DefaultJwtRetriever
	sasl.oauthbearer.jwt.validator.class = class org.apache.kafka.common.security.oauthbearer.DefaultJwtValidator
	sasl.oauthbearer.scope = null
	sasl.oauthbearer.scope.claim.name = scope
	sasl.oauthbearer.sub.claim.name = sub
	sasl.oauthbearer.token.endpoint.url = null
	security.protocol = PLAINTEXT
	security.providers = null
	send.buffer.bytes = 131072
	session.timeout.ms = 45000
	share.acknowledgement.mode = implicit
	socket.connection.setup.timeout.max.ms = 30000
	socket.connection.setup.timeout.ms = 10000
	ssl.cipher.suites = null
	ssl.enabled.protocols = [TLSv1.2, TLSv1.3]
	ssl.endpoint.identification.algorithm = https
	ssl.engine.factory.class = null
	ssl.key.password = null
	ssl.keymanager.algorithm = SunX509
	ssl.keystore.certificate.chain = null
	ssl.keystore.key = null
	ssl.keystore.location = null
	ssl.keystore.password = null
	ssl.keystore.type = JKS
	ssl.protocol = TLSv1.3
	ssl.provider = null
	ssl.secure.random.implementation = null
	ssl.trustmanager.algorithm = PKIX
	ssl.truststore.certificates = null
	ssl.truststore.location = null
	ssl.truststore.password = null
	ssl.truststore.type = JKS
	value.deserializer = class org.apache.kafka.common.serialization.ByteArrayDeserializer
 (org.apache.kafka.common.config.AbstractConfig:380)
[2026-05-12 01:22:41,977] INFO [clickhouse-sink-connector|task-0] ClickHouse URL: http://localhost:8123/default? (com.clickhouse.kafka.connect.sink.db.helper.ClickHouseHelperClient:147)
[2026-05-12 01:22:41,978] INFO [clickhouse-sink-connector|task-1] initializing Kafka metrics collector (org.apache.kafka.common.telemetry.internals.KafkaMetricsCollector:270)
[2026-05-12 01:22:41,983] INFO [clickhouse-sink-connector|task-1] These configurations '[metrics.context.connect.kafka.cluster.id]' were supplied but are not used yet. (org.apache.kafka.common.config.AbstractConfig:389)
[2026-05-12 01:22:41,984] INFO [clickhouse-sink-connector|task-1] Kafka version: 4.1.1 (org.apache.kafka.common.utils.AppInfoParser:125)
[2026-05-12 01:22:41,984] INFO [clickhouse-sink-connector|task-1] Kafka commitId: be816b82d25370ce (org.apache.kafka.common.utils.AppInfoParser:126)
[2026-05-12 01:22:41,984] INFO [clickhouse-sink-connector|task-1] Kafka startTimeMs: 1778529161984 (org.apache.kafka.common.utils.AppInfoParser:127)
[2026-05-12 01:22:41,987] INFO [clickhouse-sink-connector|task-1] [Consumer clientId=connector-consumer-clickhouse-sink-connector-1, groupId=connect-clickhouse-sink-connector] Subscribed to topic(s): router-metrics (org.apache.kafka.clients.consumer.internals.ClassicKafkaConsumer:504)
[2026-05-12 01:22:41,987] INFO [clickhouse-sink-connector|task-1] Start SinkTask:  (com.clickhouse.kafka.connect.sink.ClickHouseSinkTask:32)
[2026-05-12 01:22:41,987] INFO [clickhouse-sink-connector|task-1] Errant record reporter not configured. (com.clickhouse.kafka.connect.sink.ClickHouseSinkTask:97)
[2026-05-12 01:22:41,987] INFO [clickhouse-sink-connector|task-1] Enable ExactlyOnce? false (com.clickhouse.kafka.connect.sink.ProxySinkTask:46)
[2026-05-12 01:22:41,987] INFO [clickhouse-sink-connector|task-1] Register MBean [com.clickhouse:type=ClickHouseKafkaConnector,name=SinkTask7,version=v1.3.5] (com.clickhouse.kafka.connect.sink.ProxySinkTask:52)
[2026-05-12 01:22:41,987] INFO [clickhouse-sink-connector|task-1] ClickHouse URL: http://localhost:8123/default? (com.clickhouse.kafka.connect.sink.db.helper.ClickHouseHelperClient:147)
[2026-05-12 01:22:41,990] INFO 127.0.0.1 - - [11/May/2026:19:52:41 +0000] "POST /connectors HTTP/1.1" 201 525 "" "curl/8.7.1" 86 (org.apache.kafka.connect.runtime.rest.RestServer:57)
[2026-05-12 01:22:42,001] INFO [clickhouse-sink-connector|task-0] ClickHouse URL: http://localhost:8123/default? (com.clickhouse.kafka.connect.sink.db.helper.ClickHouseHelperClient:117)
[2026-05-12 01:22:42,001] INFO [clickhouse-sink-connector|task-1] ClickHouse URL: http://localhost:8123/default? (com.clickhouse.kafka.connect.sink.db.helper.ClickHouseHelperClient:117)
[2026-05-12 01:22:42,105] INFO [clickhouse-sink-connector|task-0] Ping was successful. (com.clickhouse.kafka.connect.sink.db.helper.ClickHouseHelperClient:182)
[2026-05-12 01:22:42,105] INFO [clickhouse-sink-connector|task-1] Ping was successful. (com.clickhouse.kafka.connect.sink.db.helper.ClickHouseHelperClient:182)
[2026-05-12 01:22:42,115] INFO [clickhouse-sink-connector|task-1] Connected to ClickHouse version: 25.9.1.1827 (com.clickhouse.kafka.connect.sink.db.ClickHouseWriter:122)
[2026-05-12 01:22:42,115] INFO [clickhouse-sink-connector|task-0] Connected to ClickHouse version: 25.9.1.1827 (com.clickhouse.kafka.connect.sink.db.ClickHouseWriter:122)
[2026-05-12 01:22:42,345] INFO [clickhouse-sink-connector|task-1] WorkerSinkTask{id=clickhouse-sink-connector-1} Sink task finished initialization and start (org.apache.kafka.connect.runtime.WorkerSinkTask:340)
[2026-05-12 01:22:42,345] INFO [clickhouse-sink-connector|task-1] WorkerSinkTask{id=clickhouse-sink-connector-1} Executing sink task (org.apache.kafka.connect.runtime.WorkerSinkTask:221)
[2026-05-12 01:22:42,345] INFO [clickhouse-sink-connector|task-0] WorkerSinkTask{id=clickhouse-sink-connector-0} Sink task finished initialization and start (org.apache.kafka.connect.runtime.WorkerSinkTask:340)
[2026-05-12 01:22:42,345] INFO [clickhouse-sink-connector|task-0] WorkerSinkTask{id=clickhouse-sink-connector-0} Executing sink task (org.apache.kafka.connect.runtime.WorkerSinkTask:221)
[2026-05-12 01:22:42,372] INFO [clickhouse-sink-connector|task-1] [Consumer clientId=connector-consumer-clickhouse-sink-connector-1, groupId=connect-clickhouse-sink-connector] Cluster ID: 7zqQl3RwTam55Uu5EZOblw (org.apache.kafka.clients.Metadata:365)
[2026-05-12 01:22:42,372] INFO [clickhouse-sink-connector|task-0] [Consumer clientId=connector-consumer-clickhouse-sink-connector-0, groupId=connect-clickhouse-sink-connector] Cluster ID: 7zqQl3RwTam55Uu5EZOblw (org.apache.kafka.clients.Metadata:365)
[2026-05-12 01:22:42,381] INFO [clickhouse-sink-connector|task-0] [Consumer clientId=connector-consumer-clickhouse-sink-connector-0, groupId=connect-clickhouse-sink-connector] Discovered group coordinator localhost:9092 (id: 2147483646 rack: null isFenced: false) (org.apache.kafka.clients.consumer.internals.ConsumerCoordinator:943)
[2026-05-12 01:22:42,381] INFO [clickhouse-sink-connector|task-1] [Consumer clientId=connector-consumer-clickhouse-sink-connector-1, groupId=connect-clickhouse-sink-connector] Discovered group coordinator localhost:9092 (id: 2147483646 rack: null isFenced: false) (org.apache.kafka.clients.consumer.internals.ConsumerCoordinator:943)
[2026-05-12 01:22:42,382] INFO [clickhouse-sink-connector|task-1] [Consumer clientId=connector-consumer-clickhouse-sink-connector-1, groupId=connect-clickhouse-sink-connector] (Re-)joining group (org.apache.kafka.clients.consumer.internals.ConsumerCoordinator:611)
[2026-05-12 01:22:42,382] INFO [clickhouse-sink-connector|task-0] [Consumer clientId=connector-consumer-clickhouse-sink-connector-0, groupId=connect-clickhouse-sink-connector] (Re-)joining group (org.apache.kafka.clients.consumer.internals.ConsumerCoordinator:611)
[2026-05-12 01:22:42,395] INFO [clickhouse-sink-connector|task-0] [Consumer clientId=connector-consumer-clickhouse-sink-connector-0, groupId=connect-clickhouse-sink-connector] Request joining group due to: need to re-join with the given member-id: connector-consumer-clickhouse-sink-connector-0-7abb5b82-a25d-49b5-a474-1579245ae8ed (org.apache.kafka.clients.consumer.internals.ConsumerCoordinator:1109)
[2026-05-12 01:22:42,395] INFO [clickhouse-sink-connector|task-0] [Consumer clientId=connector-consumer-clickhouse-sink-connector-0, groupId=connect-clickhouse-sink-connector] (Re-)joining group (org.apache.kafka.clients.consumer.internals.ConsumerCoordinator:611)
[2026-05-12 01:22:42,398] INFO [clickhouse-sink-connector|task-1] [Consumer clientId=connector-consumer-clickhouse-sink-connector-1, groupId=connect-clickhouse-sink-connector] Request joining group due to: need to re-join with the given member-id: connector-consumer-clickhouse-sink-connector-1-2ada3ac4-a28b-4659-ba9d-137e64f4f6ea (org.apache.kafka.clients.consumer.internals.ConsumerCoordinator:1109)
[2026-05-12 01:22:42,398] INFO [clickhouse-sink-connector|task-1] [Consumer clientId=connector-consumer-clickhouse-sink-connector-1, groupId=connect-clickhouse-sink-connector] (Re-)joining group (org.apache.kafka.clients.consumer.internals.ConsumerCoordinator:611)
[2026-05-12 01:22:48,480] INFO [clickhouse-sink-connector|task-1] [Consumer clientId=connector-consumer-clickhouse-sink-connector-1, groupId=connect-clickhouse-sink-connector] Successfully joined group with generation Generation{generationId=7, memberId='connector-consumer-clickhouse-sink-connector-1-2ada3ac4-a28b-4659-ba9d-137e64f4f6ea', protocol='range'} (org.apache.kafka.clients.consumer.internals.ConsumerCoordinator:672)
[2026-05-12 01:22:48,480] INFO [clickhouse-sink-connector|task-0] [Consumer clientId=connector-consumer-clickhouse-sink-connector-0, groupId=connect-clickhouse-sink-connector] Successfully joined group with generation Generation{generationId=7, memberId='connector-consumer-clickhouse-sink-connector-0-7abb5b82-a25d-49b5-a474-1579245ae8ed', protocol='range'} (org.apache.kafka.clients.consumer.internals.ConsumerCoordinator:672)
[2026-05-12 01:22:48,483] INFO [clickhouse-sink-connector|task-0] [Consumer clientId=connector-consumer-clickhouse-sink-connector-0, groupId=connect-clickhouse-sink-connector] Finished assignment for group at generation 7: {connector-consumer-clickhouse-sink-connector-0-7abb5b82-a25d-49b5-a474-1579245ae8ed=Assignment(partitions=[router-metrics-0]), connector-consumer-clickhouse-sink-connector-1-2ada3ac4-a28b-4659-ba9d-137e64f4f6ea=Assignment(partitions=[])} (org.apache.kafka.clients.consumer.internals.ConsumerCoordinator:703)
[2026-05-12 01:22:48,513] INFO [clickhouse-sink-connector|task-0] [Consumer clientId=connector-consumer-clickhouse-sink-connector-0, groupId=connect-clickhouse-sink-connector] Successfully synced group in generation Generation{generationId=7, memberId='connector-consumer-clickhouse-sink-connector-0-7abb5b82-a25d-49b5-a474-1579245ae8ed', protocol='range'} (org.apache.kafka.clients.consumer.internals.ConsumerCoordinator:849)
[2026-05-12 01:22:48,513] INFO [clickhouse-sink-connector|task-1] [Consumer clientId=connector-consumer-clickhouse-sink-connector-1, groupId=connect-clickhouse-sink-connector] Successfully synced group in generation Generation{generationId=7, memberId='connector-consumer-clickhouse-sink-connector-1-2ada3ac4-a28b-4659-ba9d-137e64f4f6ea', protocol='range'} (org.apache.kafka.clients.consumer.internals.ConsumerCoordinator:849)
[2026-05-12 01:22:48,514] INFO [clickhouse-sink-connector|task-0] [Consumer clientId=connector-consumer-clickhouse-sink-connector-0, groupId=connect-clickhouse-sink-connector] Notifying assignor about the new Assignment(partitions=[router-metrics-0]) (org.apache.kafka.clients.consumer.internals.ConsumerCoordinator:363)
[2026-05-12 01:22:48,514] INFO [clickhouse-sink-connector|task-1] [Consumer clientId=connector-consumer-clickhouse-sink-connector-1, groupId=connect-clickhouse-sink-connector] Notifying assignor about the new Assignment(partitions=[]) (org.apache.kafka.clients.consumer.internals.ConsumerCoordinator:363)
[2026-05-12 01:22:48,514] INFO [clickhouse-sink-connector|task-0] [Consumer clientId=connector-consumer-clickhouse-sink-connector-0, groupId=connect-clickhouse-sink-connector] Adding newly assigned partitions: [router-metrics-0] (org.apache.kafka.clients.consumer.internals.ConsumerRebalanceListenerInvoker:57)
[2026-05-12 01:22:48,514] INFO [clickhouse-sink-connector|task-1] [Consumer clientId=connector-consumer-clickhouse-sink-connector-1, groupId=connect-clickhouse-sink-connector] Adding newly assigned partitions: [] (org.apache.kafka.clients.consumer.internals.ConsumerRebalanceListenerInvoker:57)
[2026-05-12 01:22:48,519] INFO [clickhouse-sink-connector|task-0] [Consumer clientId=connector-consumer-clickhouse-sink-connector-0, groupId=connect-clickhouse-sink-connector] Found no committed offset for partition router-metrics-0 (org.apache.kafka.clients.consumer.internals.ConsumerCoordinator:1573)
[2026-05-12 01:22:48,535] INFO [clickhouse-sink-connector|task-0] [Consumer clientId=connector-consumer-clickhouse-sink-connector-0, groupId=connect-clickhouse-sink-connector] Resetting offset for partition router-metrics-0 to position FetchPosition{offset=0, offsetEpoch=Optional.empty, currentLeader=LeaderAndEpoch{leader=Optional[localhost:9092 (id: 1 rack: null isFenced: false)], epoch=536}}. (org.apache.kafka.clients.consumer.internals.SubscriptionState:457)
[2026-05-12 01:26:52,962] INFO 127.0.0.1 - - [11/May/2026:19:56:52 +0000] "GET /connectors/clickhouse-sink-connector/status HTTP/1.1" 200 288 "" "curl/8.7.1" 67 (org.apache.kafka.connect.runtime.rest.RestServer:57)
[2026-05-12 01:26:56,334] INFO 127.0.0.1 - - [11/May/2026:19:56:56 +0000] "GET /connectors/clickhouse-sink-connector/config HTTP/1.1" 200 353 "" "curl/8.7.1" 18 (org.apache.kafka.connect.runtime.rest.RestServer:57)
[2026-05-12 01:27:00,188] INFO [clickhouse-sink-connector|task-0] Stopping task clickhouse-sink-connector-0 (org.apache.kafka.connect.runtime.Worker:1078)
[2026-05-12 01:27:00,189] INFO [clickhouse-sink-connector|task-1] Stopping task clickhouse-sink-connector-1 (org.apache.kafka.connect.runtime.Worker:1078)
[2026-05-12 01:27:00,191] INFO [clickhouse-sink-connector|task-1] Unregister MBean [com.clickhouse:type=ClickHouseKafkaConnector,name=SinkTask7,version=v1.3.5] (com.clickhouse.kafka.connect.sink.ProxySinkTask:58)
[2026-05-12 01:27:00,191] INFO [clickhouse-sink-connector|task-0] Unregister MBean [com.clickhouse:type=ClickHouseKafkaConnector,name=SinkTask6,version=v1.3.5] (com.clickhouse.kafka.connect.sink.ProxySinkTask:58)
[2026-05-12 01:27:00,197] INFO [clickhouse-sink-connector|task-1] [Consumer clientId=connector-consumer-clickhouse-sink-connector-1, groupId=connect-clickhouse-sink-connector] Member connector-consumer-clickhouse-sink-connector-1-2ada3ac4-a28b-4659-ba9d-137e64f4f6ea sending LeaveGroup request to coordinator localhost:9092 (id: 2147483646 rack: null isFenced: false) due to the consumer is being closed (org.apache.kafka.clients.consumer.internals.ConsumerCoordinator:1174)
[2026-05-12 01:27:00,197] INFO [clickhouse-sink-connector|task-0] [Consumer clientId=connector-consumer-clickhouse-sink-connector-0, groupId=connect-clickhouse-sink-connector] Revoke previously assigned partitions [router-metrics-0] (org.apache.kafka.clients.consumer.internals.ConsumerRebalanceListenerInvoker:83)
[2026-05-12 01:27:00,199] INFO [clickhouse-sink-connector|task-0] [Consumer clientId=connector-consumer-clickhouse-sink-connector-0, groupId=connect-clickhouse-sink-connector] Member connector-consumer-clickhouse-sink-connector-0-7abb5b82-a25d-49b5-a474-1579245ae8ed sending LeaveGroup request to coordinator localhost:9092 (id: 2147483646 rack: null isFenced: false) due to the consumer is being closed (org.apache.kafka.clients.consumer.internals.ConsumerCoordinator:1174)
[2026-05-12 01:27:00,199] INFO [clickhouse-sink-connector|task-1] [Consumer clientId=connector-consumer-clickhouse-sink-connector-1, groupId=connect-clickhouse-sink-connector] Resetting generation and member id due to: consumer pro-actively leaving the group (org.apache.kafka.clients.consumer.internals.ConsumerCoordinator:1062)
[2026-05-12 01:27:00,199] INFO [clickhouse-sink-connector|task-0] [Consumer clientId=connector-consumer-clickhouse-sink-connector-0, groupId=connect-clickhouse-sink-connector] Resetting generation and member id due to: consumer pro-actively leaving the group (org.apache.kafka.clients.consumer.internals.ConsumerCoordinator:1062)
[2026-05-12 01:27:00,199] INFO [clickhouse-sink-connector|task-1] [Consumer clientId=connector-consumer-clickhouse-sink-connector-1, groupId=connect-clickhouse-sink-connector] Request joining group due to: consumer pro-actively leaving the group (org.apache.kafka.clients.consumer.internals.ConsumerCoordinator:1109)
[2026-05-12 01:27:00,199] INFO [clickhouse-sink-connector|task-0] [Consumer clientId=connector-consumer-clickhouse-sink-connector-0, groupId=connect-clickhouse-sink-connector] Request joining group due to: consumer pro-actively leaving the group (org.apache.kafka.clients.consumer.internals.ConsumerCoordinator:1109)
[2026-05-12 01:27:00,228] INFO [clickhouse-sink-connector|task-1] Metrics scheduler closed (org.apache.kafka.common.metrics.Metrics:684)
[2026-05-12 01:27:00,228] INFO [clickhouse-sink-connector|task-1] Closing reporter org.apache.kafka.common.metrics.JmxReporter (org.apache.kafka.common.metrics.Metrics:688)
[2026-05-12 01:27:00,228] INFO [clickhouse-sink-connector|task-1] Closing reporter org.apache.kafka.common.telemetry.internals.ClientTelemetryReporter (org.apache.kafka.common.metrics.Metrics:688)
[2026-05-12 01:27:00,228] INFO [clickhouse-sink-connector|task-1] Metrics reporters closed (org.apache.kafka.common.metrics.Metrics:694)
[2026-05-12 01:27:00,231] INFO [clickhouse-sink-connector|task-1] App info kafka.consumer for connector-consumer-clickhouse-sink-connector-1 unregistered (org.apache.kafka.common.utils.AppInfoParser:89)
[2026-05-12 01:27:00,680] INFO [clickhouse-sink-connector|task-0] Metrics scheduler closed (org.apache.kafka.common.metrics.Metrics:684)
[2026-05-12 01:27:00,680] INFO [clickhouse-sink-connector|task-0] Closing reporter org.apache.kafka.common.metrics.JmxReporter (org.apache.kafka.common.metrics.Metrics:688)
[2026-05-12 01:27:00,680] INFO [clickhouse-sink-connector|task-0] Closing reporter org.apache.kafka.common.telemetry.internals.ClientTelemetryReporter (org.apache.kafka.common.metrics.Metrics:688)
[2026-05-12 01:27:00,680] INFO [clickhouse-sink-connector|task-0] Metrics reporters closed (org.apache.kafka.common.metrics.Metrics:694)
[2026-05-12 01:27:00,682] INFO [clickhouse-sink-connector|task-0] App info kafka.consumer for connector-consumer-clickhouse-sink-connector-0 unregistered (org.apache.kafka.common.utils.AppInfoParser:89)
[2026-05-12 01:27:00,683] INFO [clickhouse-sink-connector|worker] Stopping connector clickhouse-sink-connector (org.apache.kafka.connect.runtime.Worker:467)
[2026-05-12 01:27:00,683] INFO [clickhouse-sink-connector|worker] Scheduled shutdown for WorkerConnector{id=clickhouse-sink-connector} (org.apache.kafka.connect.runtime.WorkerConnector:298)
[2026-05-12 01:27:00,684] INFO [clickhouse-sink-connector|worker] stop SinkConnect (com.clickhouse.kafka.connect.ClickHouseSinkConnector:76)
[2026-05-12 01:27:00,684] INFO [clickhouse-sink-connector|worker] Completed shutdown for WorkerConnector{id=clickhouse-sink-connector} (org.apache.kafka.connect.runtime.WorkerConnector:318)
[2026-05-12 01:27:00,686] INFO 127.0.0.1 - - [11/May/2026:19:57:00 +0000] "DELETE /connectors/clickhouse-sink-connector HTTP/1.1" 204 0 "" "curl/8.7.1" 508 (org.apache.kafka.connect.runtime.rest.RestServer:57)
[2026-05-12 01:27:06,300] INFO Validating connector com.clickhouse.kafka.connect.ClickHouseSinkConnector, version v1.3.5 (org.apache.kafka.connect.runtime.AbstractHerder:847)
[2026-05-12 01:27:06,311] INFO AbstractConfig values: 
 (org.apache.kafka.common.config.AbstractConfig:380)
[2026-05-12 01:27:06,385] INFO [clickhouse-sink-connector|worker] Creating connector clickhouse-sink-connector of type com.clickhouse.kafka.connect.ClickHouseSinkConnector (org.apache.kafka.connect.runtime.Worker:325)
[2026-05-12 01:27:06,386] INFO [clickhouse-sink-connector|worker] SinkConnectorConfig values: 
	config.action.reload = restart
	connector.class = com.clickhouse.kafka.connect.ClickHouseSinkConnector
	connector.plugin.version = null
	errors.deadletterqueue.context.headers.enable = false
	errors.deadletterqueue.topic.name = router-metrics-errors
	errors.deadletterqueue.topic.replication.factor = 3
	errors.log.enable = true
	errors.log.include.messages = false
	errors.retry.delay.max.ms = 60000
	errors.retry.timeout = 0
	errors.tolerance = all
	header.converter = null
	header.converter.plugin.version = null
	key.converter = null
	key.converter.plugin.version = null
	name = clickhouse-sink-connector
	predicates = []
	tasks.max = 1
	tasks.max.enforce = true
	topics = [router-metrics]
	topics.regex = 
	transforms = []
	value.converter = null
	value.converter.plugin.version = null
 (org.apache.kafka.common.config.AbstractConfig:380)
[2026-05-12 01:27:06,386] INFO [clickhouse-sink-connector|worker] EnrichedConnectorConfig values: 
	config.action.reload = restart
	connector.class = com.clickhouse.kafka.connect.ClickHouseSinkConnector
	connector.plugin.version = null
	errors.deadletterqueue.context.headers.enable = false
	errors.deadletterqueue.topic.name = router-metrics-errors
	errors.deadletterqueue.topic.replication.factor = 3
	errors.log.enable = true
	errors.log.include.messages = false
	errors.retry.delay.max.ms = 60000
	errors.retry.timeout = 0
	errors.tolerance = all
	header.converter = null
	header.converter.plugin.version = null
	key.converter = null
	key.converter.plugin.version = null
	name = clickhouse-sink-connector
	predicates = []
	tasks.max = 1
	tasks.max.enforce = true
	topics = [router-metrics]
	topics.regex = 
	transforms = []
	value.converter = null
	value.converter.plugin.version = null
 (org.apache.kafka.common.config.AbstractConfig:380)
[2026-05-12 01:27:06,386] INFO [clickhouse-sink-connector|worker] Instantiated connector clickhouse-sink-connector with version v1.3.5 of type class com.clickhouse.kafka.connect.ClickHouseSinkConnector (org.apache.kafka.connect.runtime.Worker:349)
[2026-05-12 01:27:06,386] INFO [clickhouse-sink-connector|worker] Finished creating connector clickhouse-sink-connector (org.apache.kafka.connect.runtime.Worker:371)
[2026-05-12 01:27:06,387] INFO [clickhouse-sink-connector|worker] Starting SinkConnect... (com.clickhouse.kafka.connect.ClickHouseSinkConnector:55)
[2026-05-12 01:27:06,387] INFO [clickhouse-sink-connector|worker] Version: v1.3.5 (com.clickhouse.kafka.connect.ClickHouseSinkConnector:56)
[2026-05-12 01:27:06,388] INFO SinkConnectorConfig values: 
	config.action.reload = restart
	connector.class = com.clickhouse.kafka.connect.ClickHouseSinkConnector
	connector.plugin.version = null
	errors.deadletterqueue.context.headers.enable = false
	errors.deadletterqueue.topic.name = router-metrics-errors
	errors.deadletterqueue.topic.replication.factor = 3
	errors.log.enable = true
	errors.log.include.messages = false
	errors.retry.delay.max.ms = 60000
	errors.retry.timeout = 0
	errors.tolerance = all
	header.converter = null
	header.converter.plugin.version = null
	key.converter = null
	key.converter.plugin.version = null
	name = clickhouse-sink-connector
	predicates = []
	tasks.max = 1
	tasks.max.enforce = true
	topics = [router-metrics]
	topics.regex = 
	transforms = []
	value.converter = null
	value.converter.plugin.version = null
 (org.apache.kafka.common.config.AbstractConfig:380)
[2026-05-12 01:27:06,388] INFO EnrichedConnectorConfig values: 
	config.action.reload = restart
	connector.class = com.clickhouse.kafka.connect.ClickHouseSinkConnector
	connector.plugin.version = null
	errors.deadletterqueue.context.headers.enable = false
	errors.deadletterqueue.topic.name = router-metrics-errors
	errors.deadletterqueue.topic.replication.factor = 3
	errors.log.enable = true
	errors.log.include.messages = false
	errors.retry.delay.max.ms = 60000
	errors.retry.timeout = 0
	errors.tolerance = all
	header.converter = null
	header.converter.plugin.version = null
	key.converter = null
	key.converter.plugin.version = null
	name = clickhouse-sink-connector
	predicates = []
	tasks.max = 1
	tasks.max.enforce = true
	topics = [router-metrics]
	topics.regex = 
	transforms = []
	value.converter = null
	value.converter.plugin.version = null
 (org.apache.kafka.common.config.AbstractConfig:380)
[2026-05-12 01:27:06,388] INFO [clickhouse-sink-connector|task-0] Creating task clickhouse-sink-connector-0 (org.apache.kafka.connect.runtime.Worker:677)
[2026-05-12 01:27:06,389] INFO [clickhouse-sink-connector|task-0] ConnectorConfig values: 
	config.action.reload = restart
	connector.class = com.clickhouse.kafka.connect.ClickHouseSinkConnector
	connector.plugin.version = null
	errors.log.enable = true
	errors.log.include.messages = false
	errors.retry.delay.max.ms = 60000
	errors.retry.timeout = 0
	errors.tolerance = all
	header.converter = null
	header.converter.plugin.version = null
	key.converter = null
	key.converter.plugin.version = null
	name = clickhouse-sink-connector
	predicates = []
	tasks.max = 1
	tasks.max.enforce = true
	transforms = []
	value.converter = null
	value.converter.plugin.version = null
 (org.apache.kafka.common.config.AbstractConfig:380)
[2026-05-12 01:27:06,389] INFO [clickhouse-sink-connector|task-0] EnrichedConnectorConfig values: 
	config.action.reload = restart
	connector.class = com.clickhouse.kafka.connect.ClickHouseSinkConnector
	connector.plugin.version = null
	errors.log.enable = true
	errors.log.include.messages = false
	errors.retry.delay.max.ms = 60000
	errors.retry.timeout = 0
	errors.tolerance = all
	header.converter = null
	header.converter.plugin.version = null
	key.converter = null
	key.converter.plugin.version = null
	name = clickhouse-sink-connector
	predicates = []
	tasks.max = 1
	tasks.max.enforce = true
	transforms = []
	value.converter = null
	value.converter.plugin.version = null
 (org.apache.kafka.common.config.AbstractConfig:380)
[2026-05-12 01:27:06,389] INFO [clickhouse-sink-connector|task-0] TaskConfig values: 
	task.class = class com.clickhouse.kafka.connect.sink.ClickHouseSinkTask
 (org.apache.kafka.common.config.AbstractConfig:380)
[2026-05-12 01:27:06,389] INFO [clickhouse-sink-connector|task-0] Instantiated task clickhouse-sink-connector-0 with version 0.0.1 of type com.clickhouse.kafka.connect.sink.ClickHouseSinkTask (org.apache.kafka.connect.runtime.Worker:697)
[2026-05-12 01:27:06,392] INFO [clickhouse-sink-connector|task-0] StringConverterConfig values: 
	converter.encoding = UTF-8
	converter.type = key
 (org.apache.kafka.common.config.AbstractConfig:380)
[2026-05-12 01:27:06,392] INFO [clickhouse-sink-connector|task-0] Set up the key converter class org.apache.kafka.connect.storage.StringConverter for task clickhouse-sink-connector-0 using the worker config (org.apache.kafka.connect.runtime.Worker:710)
[2026-05-12 01:27:06,392] INFO [clickhouse-sink-connector|task-0] JsonConverterConfig values: 
	converter.type = value
	decimal.format = BASE64
	replace.null.with.default = true
	schemas.cache.size = 1000
	schemas.enable = false
 (org.apache.kafka.common.config.AbstractConfig:380)
[2026-05-12 01:27:06,393] INFO [clickhouse-sink-connector|task-0] Set up the value converter class org.apache.kafka.connect.json.JsonConverter for task clickhouse-sink-connector-0 using the worker config (org.apache.kafka.connect.runtime.Worker:716)
[2026-05-12 01:27:06,393] INFO [clickhouse-sink-connector|task-0] Set up the header converter class org.apache.kafka.connect.storage.SimpleHeaderConverter for task clickhouse-sink-connector-0 using the worker config (org.apache.kafka.connect.runtime.Worker:722)
[2026-05-12 01:27:06,393] INFO [clickhouse-sink-connector|task-0] Initializing: org.apache.kafka.connect.runtime.TransformationChain{} (org.apache.kafka.connect.runtime.Worker:1854)
[2026-05-12 01:27:06,393] INFO [clickhouse-sink-connector|task-0] SinkConnectorConfig values: 
	config.action.reload = restart
	connector.class = com.clickhouse.kafka.connect.ClickHouseSinkConnector
	connector.plugin.version = null
	errors.deadletterqueue.context.headers.enable = false
	errors.deadletterqueue.topic.name = router-metrics-errors
	errors.deadletterqueue.topic.replication.factor = 3
	errors.log.enable = true
	errors.log.include.messages = false
	errors.retry.delay.max.ms = 60000
	errors.retry.timeout = 0
	errors.tolerance = all
	header.converter = null
	header.converter.plugin.version = null
	key.converter = null
	key.converter.plugin.version = null
	name = clickhouse-sink-connector
	predicates = []
	tasks.max = 1
	tasks.max.enforce = true
	topics = [router-metrics]
	topics.regex = 
	transforms = []
	value.converter = null
	value.converter.plugin.version = null
 (org.apache.kafka.common.config.AbstractConfig:380)
[2026-05-12 01:27:06,393] INFO [clickhouse-sink-connector|task-0] EnrichedConnectorConfig values: 
	config.action.reload = restart
	connector.class = com.clickhouse.kafka.connect.ClickHouseSinkConnector
	connector.plugin.version = null
	errors.deadletterqueue.context.headers.enable = false
	errors.deadletterqueue.topic.name = router-metrics-errors
	errors.deadletterqueue.topic.replication.factor = 3
	errors.log.enable = true
	errors.log.include.messages = false
	errors.retry.delay.max.ms = 60000
	errors.retry.timeout = 0
	errors.tolerance = all
	header.converter = null
	header.converter.plugin.version = null
	key.converter = null
	key.converter.plugin.version = null
	name = clickhouse-sink-connector
	predicates = []
	tasks.max = 1
	tasks.max.enforce = true
	topics = [router-metrics]
	topics.regex = 
	transforms = []
	value.converter = null
	value.converter.plugin.version = null
 (org.apache.kafka.common.config.AbstractConfig:380)
[2026-05-12 01:27:06,398] INFO [clickhouse-sink-connector|task-0] ConsumerConfig values: 
	allow.auto.create.topics = true
	auto.commit.interval.ms = 5000
	auto.offset.reset = earliest
	bootstrap.servers = [localhost:9092]
	check.crcs = true
	client.dns.lookup = use_all_dns_ips
	client.id = connector-consumer-clickhouse-sink-connector-0
	client.rack = 
	connections.max.idle.ms = 540000
	default.api.timeout.ms = 60000
	enable.auto.commit = false
	enable.metrics.push = true
	exclude.internal.topics = true
	fetch.max.bytes = 52428800
	fetch.max.wait.ms = 500
	fetch.min.bytes = 1
	group.id = connect-clickhouse-sink-connector
	group.instance.id = null
	group.protocol = classic
	group.remote.assignor = null
	heartbeat.interval.ms = 3000
	interceptor.classes = []
	internal.leave.group.on.close = true
	internal.throw.on.fetch.stable.offset.unsupported = false
	isolation.level = read_uncommitted
	key.deserializer = class org.apache.kafka.common.serialization.ByteArrayDeserializer
	max.partition.fetch.bytes = 1048576
	max.poll.interval.ms = 300000
	max.poll.records = 500
	metadata.max.age.ms = 300000
	metadata.recovery.rebootstrap.trigger.ms = 300000
	metadata.recovery.strategy = rebootstrap
	metric.reporters = [org.apache.kafka.common.metrics.JmxReporter]
	metrics.num.samples = 2
	metrics.recording.level = INFO
	metrics.sample.window.ms = 30000
	partition.assignment.strategy = [class org.apache.kafka.clients.consumer.RangeAssignor, class org.apache.kafka.clients.consumer.CooperativeStickyAssignor]
	receive.buffer.bytes = 65536
	reconnect.backoff.max.ms = 1000
	reconnect.backoff.ms = 50
	request.timeout.ms = 30000
	retry.backoff.max.ms = 1000
	retry.backoff.ms = 100
	sasl.client.callback.handler.class = null
	sasl.jaas.config = null
	sasl.kerberos.kinit.cmd = /usr/bin/kinit
	sasl.kerberos.min.time.before.relogin = 60000
	sasl.kerberos.service.name = null
	sasl.kerberos.ticket.renew.jitter = 0.05
	sasl.kerberos.ticket.renew.window.factor = 0.8
	sasl.login.callback.handler.class = null
	sasl.login.class = null
	sasl.login.connect.timeout.ms = null
	sasl.login.read.timeout.ms = null
	sasl.login.refresh.buffer.seconds = 300
	sasl.login.refresh.min.period.seconds = 60
	sasl.login.refresh.window.factor = 0.8
	sasl.login.refresh.window.jitter = 0.05
	sasl.login.retry.backoff.max.ms = 10000
	sasl.login.retry.backoff.ms = 100
	sasl.mechanism = GSSAPI
	sasl.oauthbearer.assertion.algorithm = RS256
	sasl.oauthbearer.assertion.claim.aud = null
	sasl.oauthbearer.assertion.claim.exp.seconds = 300
	sasl.oauthbearer.assertion.claim.iss = null
	sasl.oauthbearer.assertion.claim.jti.include = false
	sasl.oauthbearer.assertion.claim.nbf.seconds = 60
	sasl.oauthbearer.assertion.claim.sub = null
	sasl.oauthbearer.assertion.file = null
	sasl.oauthbearer.assertion.private.key.file = null
	sasl.oauthbearer.assertion.private.key.passphrase = null
	sasl.oauthbearer.assertion.template.file = null
	sasl.oauthbearer.client.credentials.client.id = null
	sasl.oauthbearer.client.credentials.client.secret = null
	sasl.oauthbearer.clock.skew.seconds = 30
	sasl.oauthbearer.expected.audience = null
	sasl.oauthbearer.expected.issuer = null
	sasl.oauthbearer.header.urlencode = false
	sasl.oauthbearer.jwks.endpoint.refresh.ms = 3600000
	sasl.oauthbearer.jwks.endpoint.retry.backoff.max.ms = 10000
	sasl.oauthbearer.jwks.endpoint.retry.backoff.ms = 100
	sasl.oauthbearer.jwks.endpoint.url = null
	sasl.oauthbearer.jwt.retriever.class = class org.apache.kafka.common.security.oauthbearer.DefaultJwtRetriever
	sasl.oauthbearer.jwt.validator.class = class org.apache.kafka.common.security.oauthbearer.DefaultJwtValidator
	sasl.oauthbearer.scope = null
	sasl.oauthbearer.scope.claim.name = scope
	sasl.oauthbearer.sub.claim.name = sub
	sasl.oauthbearer.token.endpoint.url = null
	security.protocol = PLAINTEXT
	security.providers = null
	send.buffer.bytes = 131072
	session.timeout.ms = 45000
	share.acknowledgement.mode = implicit
	socket.connection.setup.timeout.max.ms = 30000
	socket.connection.setup.timeout.ms = 10000
	ssl.cipher.suites = null
	ssl.enabled.protocols = [TLSv1.2, TLSv1.3]
	ssl.endpoint.identification.algorithm = https
	ssl.engine.factory.class = null
	ssl.key.password = null
	ssl.keymanager.algorithm = SunX509
	ssl.keystore.certificate.chain = null
	ssl.keystore.key = null
	ssl.keystore.location = null
	ssl.keystore.password = null
	ssl.keystore.type = JKS
	ssl.protocol = TLSv1.3
	ssl.provider = null
	ssl.secure.random.implementation = null
	ssl.trustmanager.algorithm = PKIX
	ssl.truststore.certificates = null
	ssl.truststore.location = null
	ssl.truststore.password = null
	ssl.truststore.type = JKS
	value.deserializer = class org.apache.kafka.common.serialization.ByteArrayDeserializer
 (org.apache.kafka.common.config.AbstractConfig:380)
[2026-05-12 01:27:06,399] INFO [clickhouse-sink-connector|task-0] initializing Kafka metrics collector (org.apache.kafka.common.telemetry.internals.KafkaMetricsCollector:270)
[2026-05-12 01:27:06,403] INFO [clickhouse-sink-connector|task-0] These configurations '[metrics.context.connect.kafka.cluster.id]' were supplied but are not used yet. (org.apache.kafka.common.config.AbstractConfig:389)
[2026-05-12 01:27:06,403] INFO [clickhouse-sink-connector|task-0] Kafka version: 4.1.1 (org.apache.kafka.common.utils.AppInfoParser:125)
[2026-05-12 01:27:06,403] INFO [clickhouse-sink-connector|task-0] Kafka commitId: be816b82d25370ce (org.apache.kafka.common.utils.AppInfoParser:126)
[2026-05-12 01:27:06,403] INFO [clickhouse-sink-connector|task-0] Kafka startTimeMs: 1778529426403 (org.apache.kafka.common.utils.AppInfoParser:127)
[2026-05-12 01:27:06,408] INFO 127.0.0.1 - - [11/May/2026:19:57:06 +0000] "POST /connectors HTTP/1.1" 201 628 "" "curl/8.7.1" 130 (org.apache.kafka.connect.runtime.rest.RestServer:57)
[2026-05-12 01:27:06,413] INFO [clickhouse-sink-connector|task-0] AdminClientConfig values: 
	bootstrap.controllers = []
	bootstrap.servers = [localhost:9092]
	client.dns.lookup = use_all_dns_ips
	client.id = connector-dlq-adminclient-clickhouse-sink-connector-0
	connections.max.idle.ms = 300000
	default.api.timeout.ms = 60000
	enable.metrics.push = false
	metadata.max.age.ms = 300000
	metadata.recovery.rebootstrap.trigger.ms = 300000
	metadata.recovery.strategy = rebootstrap
	metric.reporters = [org.apache.kafka.common.metrics.JmxReporter]
	metrics.num.samples = 2
	metrics.recording.level = INFO
	metrics.sample.window.ms = 30000
	receive.buffer.bytes = 65536
	reconnect.backoff.max.ms = 1000
	reconnect.backoff.ms = 50
	request.timeout.ms = 30000
	retries = 2147483647
	retry.backoff.max.ms = 1000
	retry.backoff.ms = 100
	sasl.client.callback.handler.class = null
	sasl.jaas.config = null
	sasl.kerberos.kinit.cmd = /usr/bin/kinit
	sasl.kerberos.min.time.before.relogin = 60000
	sasl.kerberos.service.name = null
	sasl.kerberos.ticket.renew.jitter = 0.05
	sasl.kerberos.ticket.renew.window.factor = 0.8
	sasl.login.callback.handler.class = null
	sasl.login.class = null
	sasl.login.connect.timeout.ms = null
	sasl.login.read.timeout.ms = null
	sasl.login.refresh.buffer.seconds = 300
	sasl.login.refresh.min.period.seconds = 60
	sasl.login.refresh.window.factor = 0.8
	sasl.login.refresh.window.jitter = 0.05
	sasl.login.retry.backoff.max.ms = 10000
	sasl.login.retry.backoff.ms = 100
	sasl.mechanism = GSSAPI
	sasl.oauthbearer.assertion.algorithm = RS256
	sasl.oauthbearer.assertion.claim.aud = null
	sasl.oauthbearer.assertion.claim.exp.seconds = 300
	sasl.oauthbearer.assertion.claim.iss = null
	sasl.oauthbearer.assertion.claim.jti.include = false
	sasl.oauthbearer.assertion.claim.nbf.seconds = 60
	sasl.oauthbearer.assertion.claim.sub = null
	sasl.oauthbearer.assertion.file = null
	sasl.oauthbearer.assertion.private.key.file = null
	sasl.oauthbearer.assertion.private.key.passphrase = null
	sasl.oauthbearer.assertion.template.file = null
	sasl.oauthbearer.client.credentials.client.id = null
	sasl.oauthbearer.client.credentials.client.secret = null
	sasl.oauthbearer.clock.skew.seconds = 30
	sasl.oauthbearer.expected.audience = null
	sasl.oauthbearer.expected.issuer = null
	sasl.oauthbearer.header.urlencode = false
	sasl.oauthbearer.jwks.endpoint.refresh.ms = 3600000
	sasl.oauthbearer.jwks.endpoint.retry.backoff.max.ms = 10000
	sasl.oauthbearer.jwks.endpoint.retry.backoff.ms = 100
	sasl.oauthbearer.jwks.endpoint.url = null
	sasl.oauthbearer.jwt.retriever.class = class org.apache.kafka.common.security.oauthbearer.DefaultJwtRetriever
	sasl.oauthbearer.jwt.validator.class = class org.apache.kafka.common.security.oauthbearer.DefaultJwtValidator
	sasl.oauthbearer.scope = null
	sasl.oauthbearer.scope.claim.name = scope
	sasl.oauthbearer.sub.claim.name = sub
	sasl.oauthbearer.token.endpoint.url = null
	security.protocol = PLAINTEXT
	security.providers = null
	send.buffer.bytes = 131072
	socket.connection.setup.timeout.max.ms = 30000
	socket.connection.setup.timeout.ms = 10000
	ssl.cipher.suites = null
	ssl.enabled.protocols = [TLSv1.2, TLSv1.3]
	ssl.endpoint.identification.algorithm = https
	ssl.engine.factory.class = null
	ssl.key.password = null
	ssl.keymanager.algorithm = SunX509
	ssl.keystore.certificate.chain = null
	ssl.keystore.key = null
	ssl.keystore.location = null
	ssl.keystore.password = null
	ssl.keystore.type = JKS
	ssl.protocol = TLSv1.3
	ssl.provider = null
	ssl.secure.random.implementation = null
	ssl.trustmanager.algorithm = PKIX
	ssl.truststore.certificates = null
	ssl.truststore.location = null
	ssl.truststore.password = null
	ssl.truststore.type = JKS
 (org.apache.kafka.common.config.AbstractConfig:380)
[2026-05-12 01:27:06,415] INFO [clickhouse-sink-connector|task-0] These configurations '[offset.flush.interval.ms, offset.storage.file.filename, listeners, metrics.context.connect.kafka.cluster.id, value.converter.schemas.enable, plugin.path, value.converter, key.converter]' were supplied but are not used yet. (org.apache.kafka.common.config.AbstractConfig:389)
[2026-05-12 01:27:06,415] INFO [clickhouse-sink-connector|task-0] Kafka version: 4.1.1 (org.apache.kafka.common.utils.AppInfoParser:125)
[2026-05-12 01:27:06,415] INFO [clickhouse-sink-connector|task-0] Kafka commitId: be816b82d25370ce (org.apache.kafka.common.utils.AppInfoParser:126)
[2026-05-12 01:27:06,415] INFO [clickhouse-sink-connector|task-0] Kafka startTimeMs: 1778529426415 (org.apache.kafka.common.utils.AppInfoParser:127)
[2026-05-12 01:27:06,467] ERROR [clickhouse-sink-connector|task-0] Topic router-metrics-errors doesn't exist. Will attempt to create topic. (org.apache.kafka.connect.runtime.errors.DeadLetterQueueReporter:86)
[2026-05-12 01:27:06,649] INFO [clickhouse-sink-connector|task-0] Metrics scheduler closed (org.apache.kafka.common.metrics.Metrics:684)
[2026-05-12 01:27:06,650] INFO [clickhouse-sink-connector|task-0] Closing reporter org.apache.kafka.common.metrics.JmxReporter (org.apache.kafka.common.metrics.Metrics:688)
[2026-05-12 01:27:06,650] INFO [clickhouse-sink-connector|task-0] Metrics reporters closed (org.apache.kafka.common.metrics.Metrics:694)
[2026-05-12 01:27:06,651] INFO App info kafka.admin.client for connector-dlq-adminclient-clickhouse-sink-connector-0 unregistered (org.apache.kafka.common.utils.AppInfoParser:89)
[2026-05-12 01:27:06,653] INFO Metrics scheduler closed (org.apache.kafka.common.metrics.Metrics:684)
[2026-05-12 01:27:06,653] INFO Closing reporter org.apache.kafka.common.metrics.JmxReporter (org.apache.kafka.common.metrics.Metrics:688)
[2026-05-12 01:27:06,653] INFO Metrics reporters closed (org.apache.kafka.common.metrics.Metrics:694)
[2026-05-12 01:27:06,655] ERROR [clickhouse-sink-connector|task-0] WorkerSinkTask{id=clickhouse-sink-connector-0} Task threw an uncaught and unrecoverable exception. Task is being killed and will not recover until manually restarted (org.apache.kafka.connect.runtime.WorkerTask:251)
org.apache.kafka.connect.errors.ConnectException: Could not initialize dead letter queue with topic=router-metrics-errors
	at org.apache.kafka.connect.runtime.errors.DeadLetterQueueReporter.createAndSetup(DeadLetterQueueReporter.java:94) ~[connect-runtime-4.1.1.jar:?]
	at org.apache.kafka.connect.runtime.Worker.sinkTaskReporters(Worker.java:1039) ~[connect-runtime-4.1.1.jar:?]
	at org.apache.kafka.connect.runtime.Worker$SinkTaskBuilder.lambda$doBuild$0(Worker.java:1923) ~[connect-runtime-4.1.1.jar:?]
	at org.apache.kafka.connect.runtime.WorkerTask.doStart(WorkerTask.java:190) ~[connect-runtime-4.1.1.jar:?]
	at org.apache.kafka.connect.runtime.WorkerTask.doRun(WorkerTask.java:242) [connect-runtime-4.1.1.jar:?]
	at org.apache.kafka.connect.runtime.WorkerTask.run(WorkerTask.java:298) [connect-runtime-4.1.1.jar:?]
	at org.apache.kafka.connect.runtime.isolation.Plugins.lambda$withClassLoader$1(Plugins.java:254) [connect-runtime-4.1.1.jar:?]
	at java.base/java.util.concurrent.Executors$RunnableAdapter.call(Executors.java:545) [?:?]
	at java.base/java.util.concurrent.FutureTask.run(FutureTask.java:328) [?:?]
	at java.base/java.util.concurrent.ThreadPoolExecutor.runWorker(ThreadPoolExecutor.java:1090) [?:?]
	at java.base/java.util.concurrent.ThreadPoolExecutor$Worker.run(ThreadPoolExecutor.java:614) [?:?]
	at java.base/java.lang.Thread.run(Thread.java:1474) [?:?]
Caused by: java.util.concurrent.ExecutionException: org.apache.kafka.common.errors.InvalidReplicationFactorException: Unable to replicate the partition 3 time(s): The target replication factor of 3 cannot be reached because only 1 broker(s) are registered.
	at java.base/java.util.concurrent.CompletableFuture.wrapInExecutionException(CompletableFuture.java:345) ~[?:?]
	at java.base/java.util.concurrent.CompletableFuture.reportGet(CompletableFuture.java:440) ~[?:?]
	at java.base/java.util.concurrent.CompletableFuture.get(CompletableFuture.java:2094) ~[?:?]
	at org.apache.kafka.common.internals.KafkaFutureImpl.get(KafkaFutureImpl.java:155) ~[kafka-clients-4.1.1.jar:?]
	at org.apache.kafka.connect.runtime.errors.DeadLetterQueueReporter.createAndSetup(DeadLetterQueueReporter.java:88) ~[connect-runtime-4.1.1.jar:?]
	... 11 more
Caused by: org.apache.kafka.common.errors.InvalidReplicationFactorException: Unable to replicate the partition 3 time(s): The target replication factor of 3 cannot be reached because only 1 broker(s) are registered.
[2026-05-12 01:27:06,659] INFO [clickhouse-sink-connector|task-0] [Consumer clientId=connector-consumer-clickhouse-sink-connector-0, groupId=connect-clickhouse-sink-connector] Resetting generation and member id due to: consumer pro-actively leaving the group (org.apache.kafka.clients.consumer.internals.ConsumerCoordinator:1062)
[2026-05-12 01:27:06,659] INFO [clickhouse-sink-connector|task-0] [Consumer clientId=connector-consumer-clickhouse-sink-connector-0, groupId=connect-clickhouse-sink-connector] Request joining group due to: consumer pro-actively leaving the group (org.apache.kafka.clients.consumer.internals.ConsumerCoordinator:1109)
[2026-05-12 01:27:06,660] INFO [clickhouse-sink-connector|task-0] Metrics scheduler closed (org.apache.kafka.common.metrics.Metrics:684)
[2026-05-12 01:27:06,660] INFO [clickhouse-sink-connector|task-0] Closing reporter org.apache.kafka.common.metrics.JmxReporter (org.apache.kafka.common.metrics.Metrics:688)
[2026-05-12 01:27:06,660] INFO [clickhouse-sink-connector|task-0] Closing reporter org.apache.kafka.common.telemetry.internals.ClientTelemetryReporter (org.apache.kafka.common.metrics.Metrics:688)
[2026-05-12 01:27:06,660] INFO [clickhouse-sink-connector|task-0] Metrics reporters closed (org.apache.kafka.common.metrics.Metrics:694)
[2026-05-12 01:27:06,663] INFO [clickhouse-sink-connector|task-0] App info kafka.consumer for connector-consumer-clickhouse-sink-connector-0 unregistered (org.apache.kafka.common.utils.AppInfoParser:89)
[2026-05-12 01:27:15,179] INFO 127.0.0.1 - - [11/May/2026:19:57:15 +0000] "GET /connectors/clickhouse-sink-connector/status HTTP/1.1" 200 2366 "" "curl/8.7.1" 14 (org.apache.kafka.connect.runtime.rest.RestServer:57)
[2026-05-12 01:27:22,709] INFO Validating connector com.clickhouse.kafka.connect.ClickHouseSinkConnector, version v1.3.5 (org.apache.kafka.connect.runtime.AbstractHerder:847)
[2026-05-12 01:27:22,920] INFO AbstractConfig values: 
 (org.apache.kafka.common.config.AbstractConfig:380)
[2026-05-12 01:27:22,942] INFO 127.0.0.1 - - [11/May/2026:19:57:22 +0000] "POST /connectors HTTP/1.1" 409 81 "" "curl/8.7.1" 267 (org.apache.kafka.connect.runtime.rest.RestServer:57)
[2026-05-12 01:27:26,774] INFO [clickhouse-sink-connector|task-0] Stopping task clickhouse-sink-connector-0 (org.apache.kafka.connect.runtime.Worker:1078)
[2026-05-12 01:27:26,777] INFO [clickhouse-sink-connector|worker] Stopping connector clickhouse-sink-connector (org.apache.kafka.connect.runtime.Worker:467)
[2026-05-12 01:27:26,777] INFO [clickhouse-sink-connector|worker] Scheduled shutdown for WorkerConnector{id=clickhouse-sink-connector} (org.apache.kafka.connect.runtime.WorkerConnector:298)
[2026-05-12 01:27:26,778] INFO [clickhouse-sink-connector|worker] stop SinkConnect (com.clickhouse.kafka.connect.ClickHouseSinkConnector:76)
[2026-05-12 01:27:26,778] INFO [clickhouse-sink-connector|worker] Completed shutdown for WorkerConnector{id=clickhouse-sink-connector} (org.apache.kafka.connect.runtime.WorkerConnector:318)
[2026-05-12 01:27:26,779] INFO 127.0.0.1 - - [11/May/2026:19:57:26 +0000] "DELETE /connectors/clickhouse-sink-connector HTTP/1.1" 204 0 "" "curl/8.7.1" 19 (org.apache.kafka.connect.runtime.rest.RestServer:57)
[2026-05-12 01:27:31,959] INFO Validating connector com.clickhouse.kafka.connect.ClickHouseSinkConnector, version v1.3.5 (org.apache.kafka.connect.runtime.AbstractHerder:847)
[2026-05-12 01:27:31,966] INFO AbstractConfig values: 
 (org.apache.kafka.common.config.AbstractConfig:380)
[2026-05-12 01:27:31,969] INFO [clickhouse-sink-connector|worker] Creating connector clickhouse-sink-connector of type com.clickhouse.kafka.connect.ClickHouseSinkConnector (org.apache.kafka.connect.runtime.Worker:325)
[2026-05-12 01:27:31,970] INFO [clickhouse-sink-connector|worker] SinkConnectorConfig values: 
	config.action.reload = restart
	connector.class = com.clickhouse.kafka.connect.ClickHouseSinkConnector
	connector.plugin.version = null
	errors.deadletterqueue.context.headers.enable = false
	errors.deadletterqueue.topic.name = router-metrics-errors
	errors.deadletterqueue.topic.replication.factor = 3
	errors.log.enable = true
	errors.log.include.messages = false
	errors.retry.delay.max.ms = 60000
	errors.retry.timeout = 0
	errors.tolerance = all
	header.converter = null
	header.converter.plugin.version = null
	key.converter = null
	key.converter.plugin.version = null
	name = clickhouse-sink-connector
	predicates = []
	tasks.max = 1
	tasks.max.enforce = true
	topics = [router-metrics]
	topics.regex = 
	transforms = []
	value.converter = null
	value.converter.plugin.version = null
 (org.apache.kafka.common.config.AbstractConfig:380)
[2026-05-12 01:27:31,970] INFO [clickhouse-sink-connector|worker] EnrichedConnectorConfig values: 
	config.action.reload = restart
	connector.class = com.clickhouse.kafka.connect.ClickHouseSinkConnector
	connector.plugin.version = null
	errors.deadletterqueue.context.headers.enable = false
	errors.deadletterqueue.topic.name = router-metrics-errors
	errors.deadletterqueue.topic.replication.factor = 3
	errors.log.enable = true
	errors.log.include.messages = false
	errors.retry.delay.max.ms = 60000
	errors.retry.timeout = 0
	errors.tolerance = all
	header.converter = null
	header.converter.plugin.version = null
	key.converter = null
	key.converter.plugin.version = null
	name = clickhouse-sink-connector
	predicates = []
	tasks.max = 1
	tasks.max.enforce = true
	topics = [router-metrics]
	topics.regex = 
	transforms = []
	value.converter = null
	value.converter.plugin.version = null
 (org.apache.kafka.common.config.AbstractConfig:380)
[2026-05-12 01:27:31,973] INFO [clickhouse-sink-connector|worker] Instantiated connector clickhouse-sink-connector with version v1.3.5 of type class com.clickhouse.kafka.connect.ClickHouseSinkConnector (org.apache.kafka.connect.runtime.Worker:349)
[2026-05-12 01:27:31,973] INFO [clickhouse-sink-connector|worker] Finished creating connector clickhouse-sink-connector (org.apache.kafka.connect.runtime.Worker:371)
[2026-05-12 01:27:31,973] INFO [clickhouse-sink-connector|worker] Starting SinkConnect... (com.clickhouse.kafka.connect.ClickHouseSinkConnector:55)
[2026-05-12 01:27:31,973] INFO [clickhouse-sink-connector|worker] Version: v1.3.5 (com.clickhouse.kafka.connect.ClickHouseSinkConnector:56)
[2026-05-12 01:27:31,974] INFO SinkConnectorConfig values: 
	config.action.reload = restart
	connector.class = com.clickhouse.kafka.connect.ClickHouseSinkConnector
	connector.plugin.version = null
	errors.deadletterqueue.context.headers.enable = false
	errors.deadletterqueue.topic.name = router-metrics-errors
	errors.deadletterqueue.topic.replication.factor = 3
	errors.log.enable = true
	errors.log.include.messages = false
	errors.retry.delay.max.ms = 60000
	errors.retry.timeout = 0
	errors.tolerance = all
	header.converter = null
	header.converter.plugin.version = null
	key.converter = null
	key.converter.plugin.version = null
	name = clickhouse-sink-connector
	predicates = []
	tasks.max = 1
	tasks.max.enforce = true
	topics = [router-metrics]
	topics.regex = 
	transforms = []
	value.converter = null
	value.converter.plugin.version = null
 (org.apache.kafka.common.config.AbstractConfig:380)
[2026-05-12 01:27:31,974] INFO EnrichedConnectorConfig values: 
	config.action.reload = restart
	connector.class = com.clickhouse.kafka.connect.ClickHouseSinkConnector
	connector.plugin.version = null
	errors.deadletterqueue.context.headers.enable = false
	errors.deadletterqueue.topic.name = router-metrics-errors
	errors.deadletterqueue.topic.replication.factor = 3
	errors.log.enable = true
	errors.log.include.messages = false
	errors.retry.delay.max.ms = 60000
	errors.retry.timeout = 0
	errors.tolerance = all
	header.converter = null
	header.converter.plugin.version = null
	key.converter = null
	key.converter.plugin.version = null
	name = clickhouse-sink-connector
	predicates = []
	tasks.max = 1
	tasks.max.enforce = true
	topics = [router-metrics]
	topics.regex = 
	transforms = []
	value.converter = null
	value.converter.plugin.version = null
 (org.apache.kafka.common.config.AbstractConfig:380)
[2026-05-12 01:27:31,974] INFO [clickhouse-sink-connector|task-0] Creating task clickhouse-sink-connector-0 (org.apache.kafka.connect.runtime.Worker:677)
[2026-05-12 01:27:31,975] INFO [clickhouse-sink-connector|task-0] ConnectorConfig values: 
	config.action.reload = restart
	connector.class = com.clickhouse.kafka.connect.ClickHouseSinkConnector
	connector.plugin.version = null
	errors.log.enable = true
	errors.log.include.messages = false
	errors.retry.delay.max.ms = 60000
	errors.retry.timeout = 0
	errors.tolerance = all
	header.converter = null
	header.converter.plugin.version = null
	key.converter = null
	key.converter.plugin.version = null
	name = clickhouse-sink-connector
	predicates = []
	tasks.max = 1
	tasks.max.enforce = true
	transforms = []
	value.converter = null
	value.converter.plugin.version = null
 (org.apache.kafka.common.config.AbstractConfig:380)
[2026-05-12 01:27:31,975] INFO [clickhouse-sink-connector|task-0] EnrichedConnectorConfig values: 
	config.action.reload = restart
	connector.class = com.clickhouse.kafka.connect.ClickHouseSinkConnector
	connector.plugin.version = null
	errors.log.enable = true
	errors.log.include.messages = false
	errors.retry.delay.max.ms = 60000
	errors.retry.timeout = 0
	errors.tolerance = all
	header.converter = null
	header.converter.plugin.version = null
	key.converter = null
	key.converter.plugin.version = null
	name = clickhouse-sink-connector
	predicates = []
	tasks.max = 1
	tasks.max.enforce = true
	transforms = []
	value.converter = null
	value.converter.plugin.version = null
 (org.apache.kafka.common.config.AbstractConfig:380)
[2026-05-12 01:27:31,975] INFO [clickhouse-sink-connector|task-0] TaskConfig values: 
	task.class = class com.clickhouse.kafka.connect.sink.ClickHouseSinkTask
 (org.apache.kafka.common.config.AbstractConfig:380)
[2026-05-12 01:27:31,975] INFO [clickhouse-sink-connector|task-0] Instantiated task clickhouse-sink-connector-0 with version 0.0.1 of type com.clickhouse.kafka.connect.sink.ClickHouseSinkTask (org.apache.kafka.connect.runtime.Worker:697)
[2026-05-12 01:27:31,975] INFO [clickhouse-sink-connector|task-0] StringConverterConfig values: 
	converter.encoding = UTF-8
	converter.type = key
 (org.apache.kafka.common.config.AbstractConfig:380)
[2026-05-12 01:27:31,975] INFO [clickhouse-sink-connector|task-0] Set up the key converter class org.apache.kafka.connect.storage.StringConverter for task clickhouse-sink-connector-0 using the worker config (org.apache.kafka.connect.runtime.Worker:710)
[2026-05-12 01:27:31,975] INFO [clickhouse-sink-connector|task-0] JsonConverterConfig values: 
	converter.type = value
	decimal.format = BASE64
	replace.null.with.default = true
	schemas.cache.size = 1000
	schemas.enable = false
 (org.apache.kafka.common.config.AbstractConfig:380)
[2026-05-12 01:27:31,976] INFO [clickhouse-sink-connector|task-0] Set up the value converter class org.apache.kafka.connect.json.JsonConverter for task clickhouse-sink-connector-0 using the worker config (org.apache.kafka.connect.runtime.Worker:716)
[2026-05-12 01:27:31,976] INFO [clickhouse-sink-connector|task-0] Set up the header converter class org.apache.kafka.connect.storage.SimpleHeaderConverter for task clickhouse-sink-connector-0 using the worker config (org.apache.kafka.connect.runtime.Worker:722)
[2026-05-12 01:27:31,977] INFO [clickhouse-sink-connector|task-0] Initializing: org.apache.kafka.connect.runtime.TransformationChain{} (org.apache.kafka.connect.runtime.Worker:1854)
[2026-05-12 01:27:31,977] INFO [clickhouse-sink-connector|task-0] SinkConnectorConfig values: 
	config.action.reload = restart
	connector.class = com.clickhouse.kafka.connect.ClickHouseSinkConnector
	connector.plugin.version = null
	errors.deadletterqueue.context.headers.enable = false
	errors.deadletterqueue.topic.name = router-metrics-errors
	errors.deadletterqueue.topic.replication.factor = 3
	errors.log.enable = true
	errors.log.include.messages = false
	errors.retry.delay.max.ms = 60000
	errors.retry.timeout = 0
	errors.tolerance = all
	header.converter = null
	header.converter.plugin.version = null
	key.converter = null
	key.converter.plugin.version = null
	name = clickhouse-sink-connector
	predicates = []
	tasks.max = 1
	tasks.max.enforce = true
	topics = [router-metrics]
	topics.regex = 
	transforms = []
	value.converter = null
	value.converter.plugin.version = null
 (org.apache.kafka.common.config.AbstractConfig:380)
[2026-05-12 01:27:31,977] INFO [clickhouse-sink-connector|task-0] EnrichedConnectorConfig values: 
	config.action.reload = restart
	connector.class = com.clickhouse.kafka.connect.ClickHouseSinkConnector
	connector.plugin.version = null
	errors.deadletterqueue.context.headers.enable = false
	errors.deadletterqueue.topic.name = router-metrics-errors
	errors.deadletterqueue.topic.replication.factor = 3
	errors.log.enable = true
	errors.log.include.messages = false
	errors.retry.delay.max.ms = 60000
	errors.retry.timeout = 0
	errors.tolerance = all
	header.converter = null
	header.converter.plugin.version = null
	key.converter = null
	key.converter.plugin.version = null
	name = clickhouse-sink-connector
	predicates = []
	tasks.max = 1
	tasks.max.enforce = true
	topics = [router-metrics]
	topics.regex = 
	transforms = []
	value.converter = null
	value.converter.plugin.version = null
 (org.apache.kafka.common.config.AbstractConfig:380)
[2026-05-12 01:27:31,978] INFO [clickhouse-sink-connector|task-0] ConsumerConfig values: 
	allow.auto.create.topics = true
	auto.commit.interval.ms = 5000
	auto.offset.reset = earliest
	bootstrap.servers = [localhost:9092]
	check.crcs = true
	client.dns.lookup = use_all_dns_ips
	client.id = connector-consumer-clickhouse-sink-connector-0
	client.rack = 
	connections.max.idle.ms = 540000
	default.api.timeout.ms = 60000
	enable.auto.commit = false
	enable.metrics.push = true
	exclude.internal.topics = true
	fetch.max.bytes = 52428800
	fetch.max.wait.ms = 500
	fetch.min.bytes = 1
	group.id = connect-clickhouse-sink-connector
	group.instance.id = null
	group.protocol = classic
	group.remote.assignor = null
	heartbeat.interval.ms = 3000
	interceptor.classes = []
	internal.leave.group.on.close = true
	internal.throw.on.fetch.stable.offset.unsupported = false
	isolation.level = read_uncommitted
	key.deserializer = class org.apache.kafka.common.serialization.ByteArrayDeserializer
	max.partition.fetch.bytes = 1048576
	max.poll.interval.ms = 300000
	max.poll.records = 500
	metadata.max.age.ms = 300000
	metadata.recovery.rebootstrap.trigger.ms = 300000
	metadata.recovery.strategy = rebootstrap
	metric.reporters = [org.apache.kafka.common.metrics.JmxReporter]
	metrics.num.samples = 2
	metrics.recording.level = INFO
	metrics.sample.window.ms = 30000
	partition.assignment.strategy = [class org.apache.kafka.clients.consumer.RangeAssignor, class org.apache.kafka.clients.consumer.CooperativeStickyAssignor]
	receive.buffer.bytes = 65536
	reconnect.backoff.max.ms = 1000
	reconnect.backoff.ms = 50
	request.timeout.ms = 30000
	retry.backoff.max.ms = 1000
	retry.backoff.ms = 100
	sasl.client.callback.handler.class = null
	sasl.jaas.config = null
	sasl.kerberos.kinit.cmd = /usr/bin/kinit
	sasl.kerberos.min.time.before.relogin = 60000
	sasl.kerberos.service.name = null
	sasl.kerberos.ticket.renew.jitter = 0.05
	sasl.kerberos.ticket.renew.window.factor = 0.8
	sasl.login.callback.handler.class = null
	sasl.login.class = null
	sasl.login.connect.timeout.ms = null
	sasl.login.read.timeout.ms = null
	sasl.login.refresh.buffer.seconds = 300
	sasl.login.refresh.min.period.seconds = 60
	sasl.login.refresh.window.factor = 0.8
	sasl.login.refresh.window.jitter = 0.05
	sasl.login.retry.backoff.max.ms = 10000
	sasl.login.retry.backoff.ms = 100
	sasl.mechanism = GSSAPI
	sasl.oauthbearer.assertion.algorithm = RS256
	sasl.oauthbearer.assertion.claim.aud = null
	sasl.oauthbearer.assertion.claim.exp.seconds = 300
	sasl.oauthbearer.assertion.claim.iss = null
	sasl.oauthbearer.assertion.claim.jti.include = false
	sasl.oauthbearer.assertion.claim.nbf.seconds = 60
	sasl.oauthbearer.assertion.claim.sub = null
	sasl.oauthbearer.assertion.file = null
	sasl.oauthbearer.assertion.private.key.file = null
	sasl.oauthbearer.assertion.private.key.passphrase = null
	sasl.oauthbearer.assertion.template.file = null
	sasl.oauthbearer.client.credentials.client.id = null
	sasl.oauthbearer.client.credentials.client.secret = null
	sasl.oauthbearer.clock.skew.seconds = 30
	sasl.oauthbearer.expected.audience = null
	sasl.oauthbearer.expected.issuer = null
	sasl.oauthbearer.header.urlencode = false
	sasl.oauthbearer.jwks.endpoint.refresh.ms = 3600000
	sasl.oauthbearer.jwks.endpoint.retry.backoff.max.ms = 10000
	sasl.oauthbearer.jwks.endpoint.retry.backoff.ms = 100
	sasl.oauthbearer.jwks.endpoint.url = null
	sasl.oauthbearer.jwt.retriever.class = class org.apache.kafka.common.security.oauthbearer.DefaultJwtRetriever
	sasl.oauthbearer.jwt.validator.class = class org.apache.kafka.common.security.oauthbearer.DefaultJwtValidator
	sasl.oauthbearer.scope = null
	sasl.oauthbearer.scope.claim.name = scope
	sasl.oauthbearer.sub.claim.name = sub
	sasl.oauthbearer.token.endpoint.url = null
	security.protocol = PLAINTEXT
	security.providers = null
	send.buffer.bytes = 131072
	session.timeout.ms = 45000
	share.acknowledgement.mode = implicit
	socket.connection.setup.timeout.max.ms = 30000
	socket.connection.setup.timeout.ms = 10000
	ssl.cipher.suites = null
	ssl.enabled.protocols = [TLSv1.2, TLSv1.3]
	ssl.endpoint.identification.algorithm = https
	ssl.engine.factory.class = null
	ssl.key.password = null
	ssl.keymanager.algorithm = SunX509
	ssl.keystore.certificate.chain = null
	ssl.keystore.key = null
	ssl.keystore.location = null
	ssl.keystore.password = null
	ssl.keystore.type = JKS
	ssl.protocol = TLSv1.3
	ssl.provider = null
	ssl.secure.random.implementation = null
	ssl.trustmanager.algorithm = PKIX
	ssl.truststore.certificates = null
	ssl.truststore.location = null
	ssl.truststore.password = null
	ssl.truststore.type = JKS
	value.deserializer = class org.apache.kafka.common.serialization.ByteArrayDeserializer
 (org.apache.kafka.common.config.AbstractConfig:380)
[2026-05-12 01:27:31,980] INFO [clickhouse-sink-connector|task-0] initializing Kafka metrics collector (org.apache.kafka.common.telemetry.internals.KafkaMetricsCollector:270)
[2026-05-12 01:27:31,987] INFO [clickhouse-sink-connector|task-0] These configurations '[metrics.context.connect.kafka.cluster.id]' were supplied but are not used yet. (org.apache.kafka.common.config.AbstractConfig:389)
[2026-05-12 01:27:31,987] INFO [clickhouse-sink-connector|task-0] Kafka version: 4.1.1 (org.apache.kafka.common.utils.AppInfoParser:125)
[2026-05-12 01:27:31,987] INFO [clickhouse-sink-connector|task-0] Kafka commitId: be816b82d25370ce (org.apache.kafka.common.utils.AppInfoParser:126)
[2026-05-12 01:27:31,987] INFO [clickhouse-sink-connector|task-0] Kafka startTimeMs: 1778529451987 (org.apache.kafka.common.utils.AppInfoParser:127)
[2026-05-12 01:27:31,991] INFO [clickhouse-sink-connector|task-0] AdminClientConfig values: 
	bootstrap.controllers = []
	bootstrap.servers = [localhost:9092]
	client.dns.lookup = use_all_dns_ips
	client.id = connector-dlq-adminclient-clickhouse-sink-connector-0
	connections.max.idle.ms = 300000
	default.api.timeout.ms = 60000
	enable.metrics.push = false
	metadata.max.age.ms = 300000
	metadata.recovery.rebootstrap.trigger.ms = 300000
	metadata.recovery.strategy = rebootstrap
	metric.reporters = [org.apache.kafka.common.metrics.JmxReporter]
	metrics.num.samples = 2
	metrics.recording.level = INFO
	metrics.sample.window.ms = 30000
	receive.buffer.bytes = 65536
	reconnect.backoff.max.ms = 1000
	reconnect.backoff.ms = 50
	request.timeout.ms = 30000
	retries = 2147483647
	retry.backoff.max.ms = 1000
	retry.backoff.ms = 100
	sasl.client.callback.handler.class = null
	sasl.jaas.config = null
	sasl.kerberos.kinit.cmd = /usr/bin/kinit
	sasl.kerberos.min.time.before.relogin = 60000
	sasl.kerberos.service.name = null
	sasl.kerberos.ticket.renew.jitter = 0.05
	sasl.kerberos.ticket.renew.window.factor = 0.8
	sasl.login.callback.handler.class = null
	sasl.login.class = null
	sasl.login.connect.timeout.ms = null
	sasl.login.read.timeout.ms = null
	sasl.login.refresh.buffer.seconds = 300
	sasl.login.refresh.min.period.seconds = 60
	sasl.login.refresh.window.factor = 0.8
	sasl.login.refresh.window.jitter = 0.05
	sasl.login.retry.backoff.max.ms = 10000
	sasl.login.retry.backoff.ms = 100
	sasl.mechanism = GSSAPI
	sasl.oauthbearer.assertion.algorithm = RS256
	sasl.oauthbearer.assertion.claim.aud = null
	sasl.oauthbearer.assertion.claim.exp.seconds = 300
	sasl.oauthbearer.assertion.claim.iss = null
	sasl.oauthbearer.assertion.claim.jti.include = false
	sasl.oauthbearer.assertion.claim.nbf.seconds = 60
	sasl.oauthbearer.assertion.claim.sub = null
	sasl.oauthbearer.assertion.file = null
	sasl.oauthbearer.assertion.private.key.file = null
	sasl.oauthbearer.assertion.private.key.passphrase = null
	sasl.oauthbearer.assertion.template.file = null
	sasl.oauthbearer.client.credentials.client.id = null
	sasl.oauthbearer.client.credentials.client.secret = null
	sasl.oauthbearer.clock.skew.seconds = 30
	sasl.oauthbearer.expected.audience = null
	sasl.oauthbearer.expected.issuer = null
	sasl.oauthbearer.header.urlencode = false
	sasl.oauthbearer.jwks.endpoint.refresh.ms = 3600000
	sasl.oauthbearer.jwks.endpoint.retry.backoff.max.ms = 10000
	sasl.oauthbearer.jwks.endpoint.retry.backoff.ms = 100
	sasl.oauthbearer.jwks.endpoint.url = null
	sasl.oauthbearer.jwt.retriever.class = class org.apache.kafka.common.security.oauthbearer.DefaultJwtRetriever
	sasl.oauthbearer.jwt.validator.class = class org.apache.kafka.common.security.oauthbearer.DefaultJwtValidator
	sasl.oauthbearer.scope = null
	sasl.oauthbearer.scope.claim.name = scope
	sasl.oauthbearer.sub.claim.name = sub
	sasl.oauthbearer.token.endpoint.url = null
	security.protocol = PLAINTEXT
	security.providers = null
	send.buffer.bytes = 131072
	socket.connection.setup.timeout.max.ms = 30000
	socket.connection.setup.timeout.ms = 10000
	ssl.cipher.suites = null
	ssl.enabled.protocols = [TLSv1.2, TLSv1.3]
	ssl.endpoint.identification.algorithm = https
	ssl.engine.factory.class = null
	ssl.key.password = null
	ssl.keymanager.algorithm = SunX509
	ssl.keystore.certificate.chain = null
	ssl.keystore.key = null
	ssl.keystore.location = null
	ssl.keystore.password = null
	ssl.keystore.type = JKS
	ssl.protocol = TLSv1.3
	ssl.provider = null
	ssl.secure.random.implementation = null
	ssl.trustmanager.algorithm = PKIX
	ssl.truststore.certificates = null
	ssl.truststore.location = null
	ssl.truststore.password = null
	ssl.truststore.type = JKS
 (org.apache.kafka.common.config.AbstractConfig:380)
[2026-05-12 01:27:31,994] INFO [clickhouse-sink-connector|task-0] These configurations '[offset.flush.interval.ms, offset.storage.file.filename, listeners, metrics.context.connect.kafka.cluster.id, value.converter.schemas.enable, plugin.path, value.converter, key.converter]' were supplied but are not used yet. (org.apache.kafka.common.config.AbstractConfig:389)
[2026-05-12 01:27:31,995] INFO [clickhouse-sink-connector|task-0] Kafka version: 4.1.1 (org.apache.kafka.common.utils.AppInfoParser:125)
[2026-05-12 01:27:31,995] INFO [clickhouse-sink-connector|task-0] Kafka commitId: be816b82d25370ce (org.apache.kafka.common.utils.AppInfoParser:126)
[2026-05-12 01:27:31,995] INFO [clickhouse-sink-connector|task-0] Kafka startTimeMs: 1778529451995 (org.apache.kafka.common.utils.AppInfoParser:127)
[2026-05-12 01:27:31,996] INFO 127.0.0.1 - - [11/May/2026:19:57:31 +0000] "POST /connectors HTTP/1.1" 201 628 "" "curl/8.7.1" 53 (org.apache.kafka.connect.runtime.rest.RestServer:57)
[2026-05-12 01:27:32,037] ERROR [clickhouse-sink-connector|task-0] Topic router-metrics-errors doesn't exist. Will attempt to create topic. (org.apache.kafka.connect.runtime.errors.DeadLetterQueueReporter:86)
[2026-05-12 01:27:32,089] INFO [clickhouse-sink-connector|task-0] Metrics scheduler closed (org.apache.kafka.common.metrics.Metrics:684)
[2026-05-12 01:27:32,089] INFO [clickhouse-sink-connector|task-0] Closing reporter org.apache.kafka.common.metrics.JmxReporter (org.apache.kafka.common.metrics.Metrics:688)
[2026-05-12 01:27:32,089] INFO [clickhouse-sink-connector|task-0] Metrics reporters closed (org.apache.kafka.common.metrics.Metrics:694)
[2026-05-12 01:27:32,089] INFO App info kafka.admin.client for connector-dlq-adminclient-clickhouse-sink-connector-0 unregistered (org.apache.kafka.common.utils.AppInfoParser:89)
[2026-05-12 01:27:32,092] INFO Metrics scheduler closed (org.apache.kafka.common.metrics.Metrics:684)
[2026-05-12 01:27:32,093] INFO Closing reporter org.apache.kafka.common.metrics.JmxReporter (org.apache.kafka.common.metrics.Metrics:688)
[2026-05-12 01:27:32,093] INFO Metrics reporters closed (org.apache.kafka.common.metrics.Metrics:694)
[2026-05-12 01:27:32,094] ERROR [clickhouse-sink-connector|task-0] WorkerSinkTask{id=clickhouse-sink-connector-0} Task threw an uncaught and unrecoverable exception. Task is being killed and will not recover until manually restarted (org.apache.kafka.connect.runtime.WorkerTask:251)
org.apache.kafka.connect.errors.ConnectException: Could not initialize dead letter queue with topic=router-metrics-errors
	at org.apache.kafka.connect.runtime.errors.DeadLetterQueueReporter.createAndSetup(DeadLetterQueueReporter.java:94) ~[connect-runtime-4.1.1.jar:?]
	at org.apache.kafka.connect.runtime.Worker.sinkTaskReporters(Worker.java:1039) ~[connect-runtime-4.1.1.jar:?]
	at org.apache.kafka.connect.runtime.Worker$SinkTaskBuilder.lambda$doBuild$0(Worker.java:1923) ~[connect-runtime-4.1.1.jar:?]
	at org.apache.kafka.connect.runtime.WorkerTask.doStart(WorkerTask.java:190) ~[connect-runtime-4.1.1.jar:?]
	at org.apache.kafka.connect.runtime.WorkerTask.doRun(WorkerTask.java:242) [connect-runtime-4.1.1.jar:?]
	at org.apache.kafka.connect.runtime.WorkerTask.run(WorkerTask.java:298) [connect-runtime-4.1.1.jar:?]
	at org.apache.kafka.connect.runtime.isolation.Plugins.lambda$withClassLoader$1(Plugins.java:254) [connect-runtime-4.1.1.jar:?]
	at java.base/java.util.concurrent.Executors$RunnableAdapter.call(Executors.java:545) [?:?]
	at java.base/java.util.concurrent.FutureTask.run(FutureTask.java:328) [?:?]
	at java.base/java.util.concurrent.ThreadPoolExecutor.runWorker(ThreadPoolExecutor.java:1090) [?:?]
	at java.base/java.util.concurrent.ThreadPoolExecutor$Worker.run(ThreadPoolExecutor.java:614) [?:?]
	at java.base/java.lang.Thread.run(Thread.java:1474) [?:?]
Caused by: java.util.concurrent.ExecutionException: org.apache.kafka.common.errors.InvalidReplicationFactorException: Unable to replicate the partition 3 time(s): The target replication factor of 3 cannot be reached because only 1 broker(s) are registered.
	at java.base/java.util.concurrent.CompletableFuture.wrapInExecutionException(CompletableFuture.java:345) ~[?:?]
	at java.base/java.util.concurrent.CompletableFuture.reportGet(CompletableFuture.java:440) ~[?:?]
	at java.base/java.util.concurrent.CompletableFuture.get(CompletableFuture.java:2094) ~[?:?]
	at org.apache.kafka.common.internals.KafkaFutureImpl.get(KafkaFutureImpl.java:155) ~[kafka-clients-4.1.1.jar:?]
	at org.apache.kafka.connect.runtime.errors.DeadLetterQueueReporter.createAndSetup(DeadLetterQueueReporter.java:88) ~[connect-runtime-4.1.1.jar:?]
	... 11 more
Caused by: org.apache.kafka.common.errors.InvalidReplicationFactorException: Unable to replicate the partition 3 time(s): The target replication factor of 3 cannot be reached because only 1 broker(s) are registered.
[2026-05-12 01:27:32,096] INFO [clickhouse-sink-connector|task-0] [Consumer clientId=connector-consumer-clickhouse-sink-connector-0, groupId=connect-clickhouse-sink-connector] Resetting generation and member id due to: consumer pro-actively leaving the group (org.apache.kafka.clients.consumer.internals.ConsumerCoordinator:1062)
[2026-05-12 01:27:32,097] INFO [clickhouse-sink-connector|task-0] [Consumer clientId=connector-consumer-clickhouse-sink-connector-0, groupId=connect-clickhouse-sink-connector] Request joining group due to: consumer pro-actively leaving the group (org.apache.kafka.clients.consumer.internals.ConsumerCoordinator:1109)
[2026-05-12 01:27:32,097] INFO [clickhouse-sink-connector|task-0] Metrics scheduler closed (org.apache.kafka.common.metrics.Metrics:684)
[2026-05-12 01:27:32,098] INFO [clickhouse-sink-connector|task-0] Closing reporter org.apache.kafka.common.metrics.JmxReporter (org.apache.kafka.common.metrics.Metrics:688)
[2026-05-12 01:27:32,098] INFO [clickhouse-sink-connector|task-0] Closing reporter org.apache.kafka.common.telemetry.internals.ClientTelemetryReporter (org.apache.kafka.common.metrics.Metrics:688)
[2026-05-12 01:27:32,098] INFO [clickhouse-sink-connector|task-0] Metrics reporters closed (org.apache.kafka.common.metrics.Metrics:694)
[2026-05-12 01:27:32,101] INFO [clickhouse-sink-connector|task-0] App info kafka.consumer for connector-consumer-clickhouse-sink-connector-0 unregistered (org.apache.kafka.common.utils.AppInfoParser:89)
[2026-05-12 01:27:49,485] INFO 127.0.0.1 - - [11/May/2026:19:57:49 +0000] "GET /connectors/clickhouse-sink-connector/status HTTP/1.1" 200 2366 "" "curl/8.7.1" 16 (org.apache.kafka.connect.runtime.rest.RestServer:57)
[2026-05-12 01:28:07,996] INFO Validating connector com.clickhouse.kafka.connect.ClickHouseSinkConnector, version v1.3.5 (org.apache.kafka.connect.runtime.AbstractHerder:847)
[2026-05-12 01:28:08,001] INFO AbstractConfig values: 
 (org.apache.kafka.common.config.AbstractConfig:380)
[2026-05-12 01:28:08,008] INFO 127.0.0.1 - - [11/May/2026:19:58:07 +0000] "POST /connectors HTTP/1.1" 409 81 "" "curl/8.7.1" 22 (org.apache.kafka.connect.runtime.rest.RestServer:57)
[2026-05-12 01:28:11,745] INFO [clickhouse-sink-connector|task-0] Stopping task clickhouse-sink-connector-0 (org.apache.kafka.connect.runtime.Worker:1078)
[2026-05-12 01:28:11,749] INFO [clickhouse-sink-connector|worker] Stopping connector clickhouse-sink-connector (org.apache.kafka.connect.runtime.Worker:467)
[2026-05-12 01:28:11,750] INFO [clickhouse-sink-connector|worker] Scheduled shutdown for WorkerConnector{id=clickhouse-sink-connector} (org.apache.kafka.connect.runtime.WorkerConnector:298)
[2026-05-12 01:28:11,750] INFO [clickhouse-sink-connector|worker] stop SinkConnect (com.clickhouse.kafka.connect.ClickHouseSinkConnector:76)
[2026-05-12 01:28:11,750] INFO [clickhouse-sink-connector|worker] Completed shutdown for WorkerConnector{id=clickhouse-sink-connector} (org.apache.kafka.connect.runtime.WorkerConnector:318)
[2026-05-12 01:28:11,753] INFO 127.0.0.1 - - [11/May/2026:19:58:11 +0000] "DELETE /connectors/clickhouse-sink-connector HTTP/1.1" 204 0 "" "curl/8.7.1" 16 (org.apache.kafka.connect.runtime.rest.RestServer:57)
[2026-05-12 01:28:22,377] INFO Validating connector com.clickhouse.kafka.connect.ClickHouseSinkConnector, version v1.3.5 (org.apache.kafka.connect.runtime.AbstractHerder:847)
[2026-05-12 01:28:22,382] INFO AbstractConfig values: 
 (org.apache.kafka.common.config.AbstractConfig:380)
[2026-05-12 01:28:22,384] INFO [clickhouse-sink-connector|worker] Creating connector clickhouse-sink-connector of type com.clickhouse.kafka.connect.ClickHouseSinkConnector (org.apache.kafka.connect.runtime.Worker:325)
[2026-05-12 01:28:22,385] INFO [clickhouse-sink-connector|worker] SinkConnectorConfig values: 
	config.action.reload = restart
	connector.class = com.clickhouse.kafka.connect.ClickHouseSinkConnector
	connector.plugin.version = null
	errors.deadletterqueue.context.headers.enable = false
	errors.deadletterqueue.topic.name = router-metrics-errors
	errors.deadletterqueue.topic.replication.factor = 3
	errors.log.enable = true
	errors.log.include.messages = false
	errors.retry.delay.max.ms = 60000
	errors.retry.timeout = 0
	errors.tolerance = all
	header.converter = null
	header.converter.plugin.version = null
	key.converter = null
	key.converter.plugin.version = null
	name = clickhouse-sink-connector
	predicates = []
	tasks.max = 1
	tasks.max.enforce = true
	topics = [router-metrics]
	topics.regex = 
	transforms = []
	value.converter = null
	value.converter.plugin.version = null
 (org.apache.kafka.common.config.AbstractConfig:380)
[2026-05-12 01:28:22,385] INFO [clickhouse-sink-connector|worker] EnrichedConnectorConfig values: 
	config.action.reload = restart
	connector.class = com.clickhouse.kafka.connect.ClickHouseSinkConnector
	connector.plugin.version = null
	errors.deadletterqueue.context.headers.enable = false
	errors.deadletterqueue.topic.name = router-metrics-errors
	errors.deadletterqueue.topic.replication.factor = 3
	errors.log.enable = true
	errors.log.include.messages = false
	errors.retry.delay.max.ms = 60000
	errors.retry.timeout = 0
	errors.tolerance = all
	header.converter = null
	header.converter.plugin.version = null
	key.converter = null
	key.converter.plugin.version = null
	name = clickhouse-sink-connector
	predicates = []
	tasks.max = 1
	tasks.max.enforce = true
	topics = [router-metrics]
	topics.regex = 
	transforms = []
	value.converter = null
	value.converter.plugin.version = null
 (org.apache.kafka.common.config.AbstractConfig:380)
[2026-05-12 01:28:22,386] INFO [clickhouse-sink-connector|worker] Instantiated connector clickhouse-sink-connector with version v1.3.5 of type class com.clickhouse.kafka.connect.ClickHouseSinkConnector (org.apache.kafka.connect.runtime.Worker:349)
[2026-05-12 01:28:22,386] INFO [clickhouse-sink-connector|worker] Finished creating connector clickhouse-sink-connector (org.apache.kafka.connect.runtime.Worker:371)
[2026-05-12 01:28:22,387] INFO [clickhouse-sink-connector|worker] Starting SinkConnect... (com.clickhouse.kafka.connect.ClickHouseSinkConnector:55)
[2026-05-12 01:28:22,387] INFO [clickhouse-sink-connector|worker] Version: v1.3.5 (com.clickhouse.kafka.connect.ClickHouseSinkConnector:56)
[2026-05-12 01:28:22,387] INFO SinkConnectorConfig values: 
	config.action.reload = restart
	connector.class = com.clickhouse.kafka.connect.ClickHouseSinkConnector
	connector.plugin.version = null
	errors.deadletterqueue.context.headers.enable = false
	errors.deadletterqueue.topic.name = router-metrics-errors
	errors.deadletterqueue.topic.replication.factor = 3
	errors.log.enable = true
	errors.log.include.messages = false
	errors.retry.delay.max.ms = 60000
	errors.retry.timeout = 0
	errors.tolerance = all
	header.converter = null
	header.converter.plugin.version = null
	key.converter = null
	key.converter.plugin.version = null
	name = clickhouse-sink-connector
	predicates = []
	tasks.max = 1
	tasks.max.enforce = true
	topics = [router-metrics]
	topics.regex = 
	transforms = []
	value.converter = null
	value.converter.plugin.version = null
 (org.apache.kafka.common.config.AbstractConfig:380)
[2026-05-12 01:28:22,388] INFO EnrichedConnectorConfig values: 
	config.action.reload = restart
	connector.class = com.clickhouse.kafka.connect.ClickHouseSinkConnector
	connector.plugin.version = null
	errors.deadletterqueue.context.headers.enable = false
	errors.deadletterqueue.topic.name = router-metrics-errors
	errors.deadletterqueue.topic.replication.factor = 3
	errors.log.enable = true
	errors.log.include.messages = false
	errors.retry.delay.max.ms = 60000
	errors.retry.timeout = 0
	errors.tolerance = all
	header.converter = null
	header.converter.plugin.version = null
	key.converter = null
	key.converter.plugin.version = null
	name = clickhouse-sink-connector
	predicates = []
	tasks.max = 1
	tasks.max.enforce = true
	topics = [router-metrics]
	topics.regex = 
	transforms = []
	value.converter = null
	value.converter.plugin.version = null
 (org.apache.kafka.common.config.AbstractConfig:380)
[2026-05-12 01:28:22,390] INFO [clickhouse-sink-connector|task-0] Creating task clickhouse-sink-connector-0 (org.apache.kafka.connect.runtime.Worker:677)
[2026-05-12 01:28:22,391] INFO [clickhouse-sink-connector|task-0] ConnectorConfig values: 
	config.action.reload = restart
	connector.class = com.clickhouse.kafka.connect.ClickHouseSinkConnector
	connector.plugin.version = null
	errors.log.enable = true
	errors.log.include.messages = false
	errors.retry.delay.max.ms = 60000
	errors.retry.timeout = 0
	errors.tolerance = all
	header.converter = null
	header.converter.plugin.version = null
	key.converter = null
	key.converter.plugin.version = null
	name = clickhouse-sink-connector
	predicates = []
	tasks.max = 1
	tasks.max.enforce = true
	transforms = []
	value.converter = null
	value.converter.plugin.version = null
 (org.apache.kafka.common.config.AbstractConfig:380)
[2026-05-12 01:28:22,391] INFO [clickhouse-sink-connector|task-0] EnrichedConnectorConfig values: 
	config.action.reload = restart
	connector.class = com.clickhouse.kafka.connect.ClickHouseSinkConnector
	connector.plugin.version = null
	errors.log.enable = true
	errors.log.include.messages = false
	errors.retry.delay.max.ms = 60000
	errors.retry.timeout = 0
	errors.tolerance = all
	header.converter = null
	header.converter.plugin.version = null
	key.converter = null
	key.converter.plugin.version = null
	name = clickhouse-sink-connector
	predicates = []
	tasks.max = 1
	tasks.max.enforce = true
	transforms = []
	value.converter = null
	value.converter.plugin.version = null
 (org.apache.kafka.common.config.AbstractConfig:380)
[2026-05-12 01:28:22,391] INFO [clickhouse-sink-connector|task-0] TaskConfig values: 
	task.class = class com.clickhouse.kafka.connect.sink.ClickHouseSinkTask
 (org.apache.kafka.common.config.AbstractConfig:380)
[2026-05-12 01:28:22,391] INFO [clickhouse-sink-connector|task-0] Instantiated task clickhouse-sink-connector-0 with version 0.0.1 of type com.clickhouse.kafka.connect.sink.ClickHouseSinkTask (org.apache.kafka.connect.runtime.Worker:697)
[2026-05-12 01:28:22,392] INFO [clickhouse-sink-connector|task-0] StringConverterConfig values: 
	converter.encoding = UTF-8
	converter.type = key
 (org.apache.kafka.common.config.AbstractConfig:380)
[2026-05-12 01:28:22,392] INFO [clickhouse-sink-connector|task-0] Set up the key converter class org.apache.kafka.connect.storage.StringConverter for task clickhouse-sink-connector-0 using the worker config (org.apache.kafka.connect.runtime.Worker:710)
[2026-05-12 01:28:22,392] INFO [clickhouse-sink-connector|task-0] JsonConverterConfig values: 
	converter.type = value
	decimal.format = BASE64
	replace.null.with.default = true
	schemas.cache.size = 1000
	schemas.enable = false
 (org.apache.kafka.common.config.AbstractConfig:380)
[2026-05-12 01:28:22,392] INFO [clickhouse-sink-connector|task-0] Set up the value converter class org.apache.kafka.connect.json.JsonConverter for task clickhouse-sink-connector-0 using the worker config (org.apache.kafka.connect.runtime.Worker:716)
[2026-05-12 01:28:22,392] INFO [clickhouse-sink-connector|task-0] Set up the header converter class org.apache.kafka.connect.storage.SimpleHeaderConverter for task clickhouse-sink-connector-0 using the worker config (org.apache.kafka.connect.runtime.Worker:722)
[2026-05-12 01:28:22,393] INFO [clickhouse-sink-connector|task-0] Initializing: org.apache.kafka.connect.runtime.TransformationChain{} (org.apache.kafka.connect.runtime.Worker:1854)
[2026-05-12 01:28:22,393] INFO [clickhouse-sink-connector|task-0] SinkConnectorConfig values: 
	config.action.reload = restart
	connector.class = com.clickhouse.kafka.connect.ClickHouseSinkConnector
	connector.plugin.version = null
	errors.deadletterqueue.context.headers.enable = false
	errors.deadletterqueue.topic.name = router-metrics-errors
	errors.deadletterqueue.topic.replication.factor = 3
	errors.log.enable = true
	errors.log.include.messages = false
	errors.retry.delay.max.ms = 60000
	errors.retry.timeout = 0
	errors.tolerance = all
	header.converter = null
	header.converter.plugin.version = null
	key.converter = null
	key.converter.plugin.version = null
	name = clickhouse-sink-connector
	predicates = []
	tasks.max = 1
	tasks.max.enforce = true
	topics = [router-metrics]
	topics.regex = 
	transforms = []
	value.converter = null
	value.converter.plugin.version = null
 (org.apache.kafka.common.config.AbstractConfig:380)
[2026-05-12 01:28:22,393] INFO [clickhouse-sink-connector|task-0] EnrichedConnectorConfig values: 
	config.action.reload = restart
	connector.class = com.clickhouse.kafka.connect.ClickHouseSinkConnector
	connector.plugin.version = null
	errors.deadletterqueue.context.headers.enable = false
	errors.deadletterqueue.topic.name = router-metrics-errors
	errors.deadletterqueue.topic.replication.factor = 3
	errors.log.enable = true
	errors.log.include.messages = false
	errors.retry.delay.max.ms = 60000
	errors.retry.timeout = 0
	errors.tolerance = all
	header.converter = null
	header.converter.plugin.version = null
	key.converter = null
	key.converter.plugin.version = null
	name = clickhouse-sink-connector
	predicates = []
	tasks.max = 1
	tasks.max.enforce = true
	topics = [router-metrics]
	topics.regex = 
	transforms = []
	value.converter = null
	value.converter.plugin.version = null
 (org.apache.kafka.common.config.AbstractConfig:380)
[2026-05-12 01:28:22,394] INFO [clickhouse-sink-connector|task-0] ConsumerConfig values: 
	allow.auto.create.topics = true
	auto.commit.interval.ms = 5000
	auto.offset.reset = earliest
	bootstrap.servers = [localhost:9092]
	check.crcs = true
	client.dns.lookup = use_all_dns_ips
	client.id = connector-consumer-clickhouse-sink-connector-0
	client.rack = 
	connections.max.idle.ms = 540000
	default.api.timeout.ms = 60000
	enable.auto.commit = false
	enable.metrics.push = true
	exclude.internal.topics = true
	fetch.max.bytes = 52428800
	fetch.max.wait.ms = 500
	fetch.min.bytes = 1
	group.id = connect-clickhouse-sink-connector
	group.instance.id = null
	group.protocol = classic
	group.remote.assignor = null
	heartbeat.interval.ms = 3000
	interceptor.classes = []
	internal.leave.group.on.close = true
	internal.throw.on.fetch.stable.offset.unsupported = false
	isolation.level = read_uncommitted
	key.deserializer = class org.apache.kafka.common.serialization.ByteArrayDeserializer
	max.partition.fetch.bytes = 1048576
	max.poll.interval.ms = 300000
	max.poll.records = 500
	metadata.max.age.ms = 300000
	metadata.recovery.rebootstrap.trigger.ms = 300000
	metadata.recovery.strategy = rebootstrap
	metric.reporters = [org.apache.kafka.common.metrics.JmxReporter]
	metrics.num.samples = 2
	metrics.recording.level = INFO
	metrics.sample.window.ms = 30000
	partition.assignment.strategy = [class org.apache.kafka.clients.consumer.RangeAssignor, class org.apache.kafka.clients.consumer.CooperativeStickyAssignor]
	receive.buffer.bytes = 65536
	reconnect.backoff.max.ms = 1000
	reconnect.backoff.ms = 50
	request.timeout.ms = 30000
	retry.backoff.max.ms = 1000
	retry.backoff.ms = 100
	sasl.client.callback.handler.class = null
	sasl.jaas.config = null
	sasl.kerberos.kinit.cmd = /usr/bin/kinit
	sasl.kerberos.min.time.before.relogin = 60000
	sasl.kerberos.service.name = null
	sasl.kerberos.ticket.renew.jitter = 0.05
	sasl.kerberos.ticket.renew.window.factor = 0.8
	sasl.login.callback.handler.class = null
	sasl.login.class = null
	sasl.login.connect.timeout.ms = null
	sasl.login.read.timeout.ms = null
	sasl.login.refresh.buffer.seconds = 300
	sasl.login.refresh.min.period.seconds = 60
	sasl.login.refresh.window.factor = 0.8
	sasl.login.refresh.window.jitter = 0.05
	sasl.login.retry.backoff.max.ms = 10000
	sasl.login.retry.backoff.ms = 100
	sasl.mechanism = GSSAPI
	sasl.oauthbearer.assertion.algorithm = RS256
	sasl.oauthbearer.assertion.claim.aud = null
	sasl.oauthbearer.assertion.claim.exp.seconds = 300
	sasl.oauthbearer.assertion.claim.iss = null
	sasl.oauthbearer.assertion.claim.jti.include = false
	sasl.oauthbearer.assertion.claim.nbf.seconds = 60
	sasl.oauthbearer.assertion.claim.sub = null
	sasl.oauthbearer.assertion.file = null
	sasl.oauthbearer.assertion.private.key.file = null
	sasl.oauthbearer.assertion.private.key.passphrase = null
	sasl.oauthbearer.assertion.template.file = null
	sasl.oauthbearer.client.credentials.client.id = null
	sasl.oauthbearer.client.credentials.client.secret = null
	sasl.oauthbearer.clock.skew.seconds = 30
	sasl.oauthbearer.expected.audience = null
	sasl.oauthbearer.expected.issuer = null
	sasl.oauthbearer.header.urlencode = false
	sasl.oauthbearer.jwks.endpoint.refresh.ms = 3600000
	sasl.oauthbearer.jwks.endpoint.retry.backoff.max.ms = 10000
	sasl.oauthbearer.jwks.endpoint.retry.backoff.ms = 100
	sasl.oauthbearer.jwks.endpoint.url = null
	sasl.oauthbearer.jwt.retriever.class = class org.apache.kafka.common.security.oauthbearer.DefaultJwtRetriever
	sasl.oauthbearer.jwt.validator.class = class org.apache.kafka.common.security.oauthbearer.DefaultJwtValidator
	sasl.oauthbearer.scope = null
	sasl.oauthbearer.scope.claim.name = scope
	sasl.oauthbearer.sub.claim.name = sub
	sasl.oauthbearer.token.endpoint.url = null
	security.protocol = PLAINTEXT
	security.providers = null
	send.buffer.bytes = 131072
	session.timeout.ms = 45000
	share.acknowledgement.mode = implicit
	socket.connection.setup.timeout.max.ms = 30000
	socket.connection.setup.timeout.ms = 10000
	ssl.cipher.suites = null
	ssl.enabled.protocols = [TLSv1.2, TLSv1.3]
	ssl.endpoint.identification.algorithm = https
	ssl.engine.factory.class = null
	ssl.key.password = null
	ssl.keymanager.algorithm = SunX509
	ssl.keystore.certificate.chain = null
	ssl.keystore.key = null
	ssl.keystore.location = null
	ssl.keystore.password = null
	ssl.keystore.type = JKS
	ssl.protocol = TLSv1.3
	ssl.provider = null
	ssl.secure.random.implementation = null
	ssl.trustmanager.algorithm = PKIX
	ssl.truststore.certificates = null
	ssl.truststore.location = null
	ssl.truststore.password = null
	ssl.truststore.type = JKS
	value.deserializer = class org.apache.kafka.common.serialization.ByteArrayDeserializer
 (org.apache.kafka.common.config.AbstractConfig:380)
[2026-05-12 01:28:22,395] INFO [clickhouse-sink-connector|task-0] initializing Kafka metrics collector (org.apache.kafka.common.telemetry.internals.KafkaMetricsCollector:270)
[2026-05-12 01:28:22,404] INFO [clickhouse-sink-connector|task-0] These configurations '[metrics.context.connect.kafka.cluster.id]' were supplied but are not used yet. (org.apache.kafka.common.config.AbstractConfig:389)
[2026-05-12 01:28:22,405] INFO [clickhouse-sink-connector|task-0] Kafka version: 4.1.1 (org.apache.kafka.common.utils.AppInfoParser:125)
[2026-05-12 01:28:22,405] INFO [clickhouse-sink-connector|task-0] Kafka commitId: be816b82d25370ce (org.apache.kafka.common.utils.AppInfoParser:126)
[2026-05-12 01:28:22,405] INFO [clickhouse-sink-connector|task-0] Kafka startTimeMs: 1778529502404 (org.apache.kafka.common.utils.AppInfoParser:127)
[2026-05-12 01:28:22,414] INFO [clickhouse-sink-connector|task-0] AdminClientConfig values: 
	bootstrap.controllers = []
	bootstrap.servers = [localhost:9092]
	client.dns.lookup = use_all_dns_ips
	client.id = connector-dlq-adminclient-clickhouse-sink-connector-0
	connections.max.idle.ms = 300000
	default.api.timeout.ms = 60000
	enable.metrics.push = false
	metadata.max.age.ms = 300000
	metadata.recovery.rebootstrap.trigger.ms = 300000
	metadata.recovery.strategy = rebootstrap
	metric.reporters = [org.apache.kafka.common.metrics.JmxReporter]
	metrics.num.samples = 2
	metrics.recording.level = INFO
	metrics.sample.window.ms = 30000
	receive.buffer.bytes = 65536
	reconnect.backoff.max.ms = 1000
	reconnect.backoff.ms = 50
	request.timeout.ms = 30000
	retries = 2147483647
	retry.backoff.max.ms = 1000
	retry.backoff.ms = 100
	sasl.client.callback.handler.class = null
	sasl.jaas.config = null
	sasl.kerberos.kinit.cmd = /usr/bin/kinit
	sasl.kerberos.min.time.before.relogin = 60000
	sasl.kerberos.service.name = null
	sasl.kerberos.ticket.renew.jitter = 0.05
	sasl.kerberos.ticket.renew.window.factor = 0.8
	sasl.login.callback.handler.class = null
	sasl.login.class = null
	sasl.login.connect.timeout.ms = null
	sasl.login.read.timeout.ms = null
	sasl.login.refresh.buffer.seconds = 300
	sasl.login.refresh.min.period.seconds = 60
	sasl.login.refresh.window.factor = 0.8
	sasl.login.refresh.window.jitter = 0.05
	sasl.login.retry.backoff.max.ms = 10000
	sasl.login.retry.backoff.ms = 100
	sasl.mechanism = GSSAPI
	sasl.oauthbearer.assertion.algorithm = RS256
	sasl.oauthbearer.assertion.claim.aud = null
	sasl.oauthbearer.assertion.claim.exp.seconds = 300
	sasl.oauthbearer.assertion.claim.iss = null
	sasl.oauthbearer.assertion.claim.jti.include = false
	sasl.oauthbearer.assertion.claim.nbf.seconds = 60
	sasl.oauthbearer.assertion.claim.sub = null
	sasl.oauthbearer.assertion.file = null
	sasl.oauthbearer.assertion.private.key.file = null
	sasl.oauthbearer.assertion.private.key.passphrase = null
	sasl.oauthbearer.assertion.template.file = null
	sasl.oauthbearer.client.credentials.client.id = null
	sasl.oauthbearer.client.credentials.client.secret = null
	sasl.oauthbearer.clock.skew.seconds = 30
	sasl.oauthbearer.expected.audience = null
	sasl.oauthbearer.expected.issuer = null
	sasl.oauthbearer.header.urlencode = false
	sasl.oauthbearer.jwks.endpoint.refresh.ms = 3600000
	sasl.oauthbearer.jwks.endpoint.retry.backoff.max.ms = 10000
	sasl.oauthbearer.jwks.endpoint.retry.backoff.ms = 100
	sasl.oauthbearer.jwks.endpoint.url = null
	sasl.oauthbearer.jwt.retriever.class = class org.apache.kafka.common.security.oauthbearer.DefaultJwtRetriever
	sasl.oauthbearer.jwt.validator.class = class org.apache.kafka.common.security.oauthbearer.DefaultJwtValidator
	sasl.oauthbearer.scope = null
	sasl.oauthbearer.scope.claim.name = scope
	sasl.oauthbearer.sub.claim.name = sub
	sasl.oauthbearer.token.endpoint.url = null
	security.protocol = PLAINTEXT
	security.providers = null
	send.buffer.bytes = 131072
	socket.connection.setup.timeout.max.ms = 30000
	socket.connection.setup.timeout.ms = 10000
	ssl.cipher.suites = null
	ssl.enabled.protocols = [TLSv1.2, TLSv1.3]
	ssl.endpoint.identification.algorithm = https
	ssl.engine.factory.class = null
	ssl.key.password = null
	ssl.keymanager.algorithm = SunX509
	ssl.keystore.certificate.chain = null
	ssl.keystore.key = null
	ssl.keystore.location = null
	ssl.keystore.password = null
	ssl.keystore.type = JKS
	ssl.protocol = TLSv1.3
	ssl.provider = null
	ssl.secure.random.implementation = null
	ssl.trustmanager.algorithm = PKIX
	ssl.truststore.certificates = null
	ssl.truststore.location = null
	ssl.truststore.password = null
	ssl.truststore.type = JKS
 (org.apache.kafka.common.config.AbstractConfig:380)
[2026-05-12 01:28:22,417] INFO [clickhouse-sink-connector|task-0] These configurations '[offset.flush.interval.ms, offset.storage.file.filename, listeners, metrics.context.connect.kafka.cluster.id, value.converter.schemas.enable, plugin.path, value.converter, key.converter]' were supplied but are not used yet. (org.apache.kafka.common.config.AbstractConfig:389)
[2026-05-12 01:28:22,417] INFO 127.0.0.1 - - [11/May/2026:19:58:22 +0000] "POST /connectors HTTP/1.1" 201 628 "" "curl/8.7.1" 49 (org.apache.kafka.connect.runtime.rest.RestServer:57)
[2026-05-12 01:28:22,417] INFO [clickhouse-sink-connector|task-0] Kafka version: 4.1.1 (org.apache.kafka.common.utils.AppInfoParser:125)
[2026-05-12 01:28:22,417] INFO [clickhouse-sink-connector|task-0] Kafka commitId: be816b82d25370ce (org.apache.kafka.common.utils.AppInfoParser:126)
[2026-05-12 01:28:22,417] INFO [clickhouse-sink-connector|task-0] Kafka startTimeMs: 1778529502417 (org.apache.kafka.common.utils.AppInfoParser:127)
[2026-05-12 01:28:22,439] ERROR [clickhouse-sink-connector|task-0] Topic router-metrics-errors doesn't exist. Will attempt to create topic. (org.apache.kafka.connect.runtime.errors.DeadLetterQueueReporter:86)
[2026-05-12 01:28:22,461] INFO [clickhouse-sink-connector|task-0] Metrics scheduler closed (org.apache.kafka.common.metrics.Metrics:684)
[2026-05-12 01:28:22,461] INFO [clickhouse-sink-connector|task-0] Closing reporter org.apache.kafka.common.metrics.JmxReporter (org.apache.kafka.common.metrics.Metrics:688)
[2026-05-12 01:28:22,461] INFO [clickhouse-sink-connector|task-0] Metrics reporters closed (org.apache.kafka.common.metrics.Metrics:694)
[2026-05-12 01:28:22,461] INFO App info kafka.admin.client for connector-dlq-adminclient-clickhouse-sink-connector-0 unregistered (org.apache.kafka.common.utils.AppInfoParser:89)
[2026-05-12 01:28:22,464] INFO Metrics scheduler closed (org.apache.kafka.common.metrics.Metrics:684)
[2026-05-12 01:28:22,464] INFO Closing reporter org.apache.kafka.common.metrics.JmxReporter (org.apache.kafka.common.metrics.Metrics:688)
[2026-05-12 01:28:22,464] INFO Metrics reporters closed (org.apache.kafka.common.metrics.Metrics:694)
[2026-05-12 01:28:22,464] ERROR [clickhouse-sink-connector|task-0] WorkerSinkTask{id=clickhouse-sink-connector-0} Task threw an uncaught and unrecoverable exception. Task is being killed and will not recover until manually restarted (org.apache.kafka.connect.runtime.WorkerTask:251)
org.apache.kafka.connect.errors.ConnectException: Could not initialize dead letter queue with topic=router-metrics-errors
	at org.apache.kafka.connect.runtime.errors.DeadLetterQueueReporter.createAndSetup(DeadLetterQueueReporter.java:94) ~[connect-runtime-4.1.1.jar:?]
	at org.apache.kafka.connect.runtime.Worker.sinkTaskReporters(Worker.java:1039) ~[connect-runtime-4.1.1.jar:?]
	at org.apache.kafka.connect.runtime.Worker$SinkTaskBuilder.lambda$doBuild$0(Worker.java:1923) ~[connect-runtime-4.1.1.jar:?]
	at org.apache.kafka.connect.runtime.WorkerTask.doStart(WorkerTask.java:190) ~[connect-runtime-4.1.1.jar:?]
	at org.apache.kafka.connect.runtime.WorkerTask.doRun(WorkerTask.java:242) [connect-runtime-4.1.1.jar:?]
	at org.apache.kafka.connect.runtime.WorkerTask.run(WorkerTask.java:298) [connect-runtime-4.1.1.jar:?]
	at org.apache.kafka.connect.runtime.isolation.Plugins.lambda$withClassLoader$1(Plugins.java:254) [connect-runtime-4.1.1.jar:?]
	at java.base/java.util.concurrent.Executors$RunnableAdapter.call(Executors.java:545) [?:?]
	at java.base/java.util.concurrent.FutureTask.run(FutureTask.java:328) [?:?]
	at java.base/java.util.concurrent.ThreadPoolExecutor.runWorker(ThreadPoolExecutor.java:1090) [?:?]
	at java.base/java.util.concurrent.ThreadPoolExecutor$Worker.run(ThreadPoolExecutor.java:614) [?:?]
	at java.base/java.lang.Thread.run(Thread.java:1474) [?:?]
Caused by: java.util.concurrent.ExecutionException: org.apache.kafka.common.errors.InvalidReplicationFactorException: Unable to replicate the partition 3 time(s): The target replication factor of 3 cannot be reached because only 1 broker(s) are registered.
	at java.base/java.util.concurrent.CompletableFuture.wrapInExecutionException(CompletableFuture.java:345) ~[?:?]
	at java.base/java.util.concurrent.CompletableFuture.reportGet(CompletableFuture.java:440) ~[?:?]
	at java.base/java.util.concurrent.CompletableFuture.get(CompletableFuture.java:2094) ~[?:?]
	at org.apache.kafka.common.internals.KafkaFutureImpl.get(KafkaFutureImpl.java:155) ~[kafka-clients-4.1.1.jar:?]
	at org.apache.kafka.connect.runtime.errors.DeadLetterQueueReporter.createAndSetup(DeadLetterQueueReporter.java:88) ~[connect-runtime-4.1.1.jar:?]
	... 11 more
Caused by: org.apache.kafka.common.errors.InvalidReplicationFactorException: Unable to replicate the partition 3 time(s): The target replication factor of 3 cannot be reached because only 1 broker(s) are registered.
[2026-05-12 01:28:22,469] INFO [clickhouse-sink-connector|task-0] [Consumer clientId=connector-consumer-clickhouse-sink-connector-0, groupId=connect-clickhouse-sink-connector] Resetting generation and member id due to: consumer pro-actively leaving the group (org.apache.kafka.clients.consumer.internals.ConsumerCoordinator:1062)
[2026-05-12 01:28:22,469] INFO [clickhouse-sink-connector|task-0] [Consumer clientId=connector-consumer-clickhouse-sink-connector-0, groupId=connect-clickhouse-sink-connector] Request joining group due to: consumer pro-actively leaving the group (org.apache.kafka.clients.consumer.internals.ConsumerCoordinator:1109)
[2026-05-12 01:28:22,470] INFO [clickhouse-sink-connector|task-0] Metrics scheduler closed (org.apache.kafka.common.metrics.Metrics:684)
[2026-05-12 01:28:22,470] INFO [clickhouse-sink-connector|task-0] Closing reporter org.apache.kafka.common.metrics.JmxReporter (org.apache.kafka.common.metrics.Metrics:688)
[2026-05-12 01:28:22,470] INFO [clickhouse-sink-connector|task-0] Closing reporter org.apache.kafka.common.telemetry.internals.ClientTelemetryReporter (org.apache.kafka.common.metrics.Metrics:688)
[2026-05-12 01:28:22,470] INFO [clickhouse-sink-connector|task-0] Metrics reporters closed (org.apache.kafka.common.metrics.Metrics:694)
[2026-05-12 01:28:22,471] INFO [clickhouse-sink-connector|task-0] App info kafka.consumer for connector-consumer-clickhouse-sink-connector-0 unregistered (org.apache.kafka.common.utils.AppInfoParser:89)
[2026-05-12 01:28:30,975] INFO 127.0.0.1 - - [11/May/2026:19:58:30 +0000] "GET /connectors/clickhouse-sink-connector/status HTTP/1.1" 200 2366 "" "curl/8.7.1" 22 (org.apache.kafka.connect.runtime.rest.RestServer:57)
[2026-05-12 01:29:37,090] INFO Validating connector com.clickhouse.kafka.connect.ClickHouseSinkConnector, version v1.3.5 (org.apache.kafka.connect.runtime.AbstractHerder:847)
[2026-05-12 01:29:37,100] INFO AbstractConfig values: 
 (org.apache.kafka.common.config.AbstractConfig:380)
[2026-05-12 01:29:37,109] INFO 127.0.0.1 - - [11/May/2026:19:59:37 +0000] "POST /connectors HTTP/1.1" 409 81 "" "curl/8.7.1" 74 (org.apache.kafka.connect.runtime.rest.RestServer:57)
[2026-05-12 01:29:44,572] INFO Validating connector com.clickhouse.kafka.connect.ClickHouseSinkConnector, version v1.3.5 (org.apache.kafka.connect.runtime.AbstractHerder:847)
[2026-05-12 01:29:44,579] INFO AbstractConfig values: 
 (org.apache.kafka.common.config.AbstractConfig:380)
[2026-05-12 01:29:44,587] INFO 127.0.0.1 - - [11/May/2026:19:59:44 +0000] "POST /connectors HTTP/1.1" 409 81 "" "curl/8.7.1" 28 (org.apache.kafka.connect.runtime.rest.RestServer:57)
[2026-05-12 01:29:49,802] INFO [clickhouse-sink-connector|task-0] Stopping task clickhouse-sink-connector-0 (org.apache.kafka.connect.runtime.Worker:1078)
[2026-05-12 01:29:49,810] INFO [clickhouse-sink-connector|worker] Stopping connector clickhouse-sink-connector (org.apache.kafka.connect.runtime.Worker:467)
[2026-05-12 01:29:49,810] INFO [clickhouse-sink-connector|worker] Scheduled shutdown for WorkerConnector{id=clickhouse-sink-connector} (org.apache.kafka.connect.runtime.WorkerConnector:298)
[2026-05-12 01:29:49,810] INFO [clickhouse-sink-connector|worker] stop SinkConnect (com.clickhouse.kafka.connect.ClickHouseSinkConnector:76)
[2026-05-12 01:29:49,811] INFO [clickhouse-sink-connector|worker] Completed shutdown for WorkerConnector{id=clickhouse-sink-connector} (org.apache.kafka.connect.runtime.WorkerConnector:318)
[2026-05-12 01:29:49,812] INFO 127.0.0.1 - - [11/May/2026:19:59:49 +0000] "DELETE /connectors/clickhouse-sink-connector HTTP/1.1" 204 0 "" "curl/8.7.1" 20 (org.apache.kafka.connect.runtime.rest.RestServer:57)
[2026-05-12 01:29:54,737] INFO Validating connector com.clickhouse.kafka.connect.ClickHouseSinkConnector, version v1.3.5 (org.apache.kafka.connect.runtime.AbstractHerder:847)
[2026-05-12 01:29:54,742] INFO AbstractConfig values: 
 (org.apache.kafka.common.config.AbstractConfig:380)
[2026-05-12 01:29:54,769] INFO [clickhouse-sink-connector|worker] Creating connector clickhouse-sink-connector of type com.clickhouse.kafka.connect.ClickHouseSinkConnector (org.apache.kafka.connect.runtime.Worker:325)
[2026-05-12 01:29:54,771] INFO [clickhouse-sink-connector|worker] SinkConnectorConfig values: 
	config.action.reload = restart
	connector.class = com.clickhouse.kafka.connect.ClickHouseSinkConnector
	connector.plugin.version = null
	errors.deadletterqueue.context.headers.enable = false
	errors.deadletterqueue.topic.name = 
	errors.deadletterqueue.topic.replication.factor = 3
	errors.log.enable = false
	errors.log.include.messages = false
	errors.retry.delay.max.ms = 60000
	errors.retry.timeout = 0
	errors.tolerance = none
	header.converter = null
	header.converter.plugin.version = null
	key.converter = null
	key.converter.plugin.version = null
	name = clickhouse-sink-connector
	predicates = []
	tasks.max = 1
	tasks.max.enforce = true
	topics = [router-metrics]
	topics.regex = 
	transforms = []
	value.converter = null
	value.converter.plugin.version = null
 (org.apache.kafka.common.config.AbstractConfig:380)
[2026-05-12 01:29:54,771] INFO [clickhouse-sink-connector|worker] EnrichedConnectorConfig values: 
	config.action.reload = restart
	connector.class = com.clickhouse.kafka.connect.ClickHouseSinkConnector
	connector.plugin.version = null
	errors.deadletterqueue.context.headers.enable = false
	errors.deadletterqueue.topic.name = 
	errors.deadletterqueue.topic.replication.factor = 3
	errors.log.enable = false
	errors.log.include.messages = false
	errors.retry.delay.max.ms = 60000
	errors.retry.timeout = 0
	errors.tolerance = none
	header.converter = null
	header.converter.plugin.version = null
	key.converter = null
	key.converter.plugin.version = null
	name = clickhouse-sink-connector
	predicates = []
	tasks.max = 1
	tasks.max.enforce = true
	topics = [router-metrics]
	topics.regex = 
	transforms = []
	value.converter = null
	value.converter.plugin.version = null
 (org.apache.kafka.common.config.AbstractConfig:380)
[2026-05-12 01:29:54,772] INFO [clickhouse-sink-connector|worker] Instantiated connector clickhouse-sink-connector with version v1.3.5 of type class com.clickhouse.kafka.connect.ClickHouseSinkConnector (org.apache.kafka.connect.runtime.Worker:349)
[2026-05-12 01:29:54,772] INFO [clickhouse-sink-connector|worker] Finished creating connector clickhouse-sink-connector (org.apache.kafka.connect.runtime.Worker:371)
[2026-05-12 01:29:54,772] INFO [clickhouse-sink-connector|worker] Starting SinkConnect... (com.clickhouse.kafka.connect.ClickHouseSinkConnector:55)
[2026-05-12 01:29:54,772] INFO [clickhouse-sink-connector|worker] Version: v1.3.5 (com.clickhouse.kafka.connect.ClickHouseSinkConnector:56)
[2026-05-12 01:29:54,772] INFO SinkConnectorConfig values: 
	config.action.reload = restart
	connector.class = com.clickhouse.kafka.connect.ClickHouseSinkConnector
	connector.plugin.version = null
	errors.deadletterqueue.context.headers.enable = false
	errors.deadletterqueue.topic.name = 
	errors.deadletterqueue.topic.replication.factor = 3
	errors.log.enable = false
	errors.log.include.messages = false
	errors.retry.delay.max.ms = 60000
	errors.retry.timeout = 0
	errors.tolerance = none
	header.converter = null
	header.converter.plugin.version = null
	key.converter = null
	key.converter.plugin.version = null
	name = clickhouse-sink-connector
	predicates = []
	tasks.max = 1
	tasks.max.enforce = true
	topics = [router-metrics]
	topics.regex = 
	transforms = []
	value.converter = null
	value.converter.plugin.version = null
 (org.apache.kafka.common.config.AbstractConfig:380)
[2026-05-12 01:29:54,774] INFO EnrichedConnectorConfig values: 
	config.action.reload = restart
	connector.class = com.clickhouse.kafka.connect.ClickHouseSinkConnector
	connector.plugin.version = null
	errors.deadletterqueue.context.headers.enable = false
	errors.deadletterqueue.topic.name = 
	errors.deadletterqueue.topic.replication.factor = 3
	errors.log.enable = false
	errors.log.include.messages = false
	errors.retry.delay.max.ms = 60000
	errors.retry.timeout = 0
	errors.tolerance = none
	header.converter = null
	header.converter.plugin.version = null
	key.converter = null
	key.converter.plugin.version = null
	name = clickhouse-sink-connector
	predicates = []
	tasks.max = 1
	tasks.max.enforce = true
	topics = [router-metrics]
	topics.regex = 
	transforms = []
	value.converter = null
	value.converter.plugin.version = null
 (org.apache.kafka.common.config.AbstractConfig:380)
[2026-05-12 01:29:54,775] INFO [clickhouse-sink-connector|task-0] Creating task clickhouse-sink-connector-0 (org.apache.kafka.connect.runtime.Worker:677)
[2026-05-12 01:29:54,776] INFO [clickhouse-sink-connector|task-0] ConnectorConfig values: 
	config.action.reload = restart
	connector.class = com.clickhouse.kafka.connect.ClickHouseSinkConnector
	connector.plugin.version = null
	errors.log.enable = false
	errors.log.include.messages = false
	errors.retry.delay.max.ms = 60000
	errors.retry.timeout = 0
	errors.tolerance = none
	header.converter = null
	header.converter.plugin.version = null
	key.converter = null
	key.converter.plugin.version = null
	name = clickhouse-sink-connector
	predicates = []
	tasks.max = 1
	tasks.max.enforce = true
	transforms = []
	value.converter = null
	value.converter.plugin.version = null
 (org.apache.kafka.common.config.AbstractConfig:380)
[2026-05-12 01:29:54,776] INFO [clickhouse-sink-connector|task-0] EnrichedConnectorConfig values: 
	config.action.reload = restart
	connector.class = com.clickhouse.kafka.connect.ClickHouseSinkConnector
	connector.plugin.version = null
	errors.log.enable = false
	errors.log.include.messages = false
	errors.retry.delay.max.ms = 60000
	errors.retry.timeout = 0
	errors.tolerance = none
	header.converter = null
	header.converter.plugin.version = null
	key.converter = null
	key.converter.plugin.version = null
	name = clickhouse-sink-connector
	predicates = []
	tasks.max = 1
	tasks.max.enforce = true
	transforms = []
	value.converter = null
	value.converter.plugin.version = null
 (org.apache.kafka.common.config.AbstractConfig:380)
[2026-05-12 01:29:54,777] INFO [clickhouse-sink-connector|task-0] TaskConfig values: 
	task.class = class com.clickhouse.kafka.connect.sink.ClickHouseSinkTask
 (org.apache.kafka.common.config.AbstractConfig:380)
[2026-05-12 01:29:54,777] INFO [clickhouse-sink-connector|task-0] Instantiated task clickhouse-sink-connector-0 with version 0.0.1 of type com.clickhouse.kafka.connect.sink.ClickHouseSinkTask (org.apache.kafka.connect.runtime.Worker:697)
[2026-05-12 01:29:54,777] INFO [clickhouse-sink-connector|task-0] StringConverterConfig values: 
	converter.encoding = UTF-8
	converter.type = key
 (org.apache.kafka.common.config.AbstractConfig:380)
[2026-05-12 01:29:54,778] INFO [clickhouse-sink-connector|task-0] Set up the key converter class org.apache.kafka.connect.storage.StringConverter for task clickhouse-sink-connector-0 using the worker config (org.apache.kafka.connect.runtime.Worker:710)
[2026-05-12 01:29:54,778] INFO [clickhouse-sink-connector|task-0] JsonConverterConfig values: 
	converter.type = value
	decimal.format = BASE64
	replace.null.with.default = true
	schemas.cache.size = 1000
	schemas.enable = false
 (org.apache.kafka.common.config.AbstractConfig:380)
[2026-05-12 01:29:54,778] INFO [clickhouse-sink-connector|task-0] Set up the value converter class org.apache.kafka.connect.json.JsonConverter for task clickhouse-sink-connector-0 using the worker config (org.apache.kafka.connect.runtime.Worker:716)
[2026-05-12 01:29:54,778] INFO [clickhouse-sink-connector|task-0] Set up the header converter class org.apache.kafka.connect.storage.SimpleHeaderConverter for task clickhouse-sink-connector-0 using the worker config (org.apache.kafka.connect.runtime.Worker:722)
[2026-05-12 01:29:54,779] INFO [clickhouse-sink-connector|task-0] Initializing: org.apache.kafka.connect.runtime.TransformationChain{} (org.apache.kafka.connect.runtime.Worker:1854)
[2026-05-12 01:29:54,779] INFO [clickhouse-sink-connector|task-0] SinkConnectorConfig values: 
	config.action.reload = restart
	connector.class = com.clickhouse.kafka.connect.ClickHouseSinkConnector
	connector.plugin.version = null
	errors.deadletterqueue.context.headers.enable = false
	errors.deadletterqueue.topic.name = 
	errors.deadletterqueue.topic.replication.factor = 3
	errors.log.enable = false
	errors.log.include.messages = false
	errors.retry.delay.max.ms = 60000
	errors.retry.timeout = 0
	errors.tolerance = none
	header.converter = null
	header.converter.plugin.version = null
	key.converter = null
	key.converter.plugin.version = null
	name = clickhouse-sink-connector
	predicates = []
	tasks.max = 1
	tasks.max.enforce = true
	topics = [router-metrics]
	topics.regex = 
	transforms = []
	value.converter = null
	value.converter.plugin.version = null
 (org.apache.kafka.common.config.AbstractConfig:380)
[2026-05-12 01:29:54,779] INFO [clickhouse-sink-connector|task-0] EnrichedConnectorConfig values: 
	config.action.reload = restart
	connector.class = com.clickhouse.kafka.connect.ClickHouseSinkConnector
	connector.plugin.version = null
	errors.deadletterqueue.context.headers.enable = false
	errors.deadletterqueue.topic.name = 
	errors.deadletterqueue.topic.replication.factor = 3
	errors.log.enable = false
	errors.log.include.messages = false
	errors.retry.delay.max.ms = 60000
	errors.retry.timeout = 0
	errors.tolerance = none
	header.converter = null
	header.converter.plugin.version = null
	key.converter = null
	key.converter.plugin.version = null
	name = clickhouse-sink-connector
	predicates = []
	tasks.max = 1
	tasks.max.enforce = true
	topics = [router-metrics]
	topics.regex = 
	transforms = []
	value.converter = null
	value.converter.plugin.version = null
 (org.apache.kafka.common.config.AbstractConfig:380)
[2026-05-12 01:29:54,780] INFO [clickhouse-sink-connector|task-0] ConsumerConfig values: 
	allow.auto.create.topics = true
	auto.commit.interval.ms = 5000
	auto.offset.reset = earliest
	bootstrap.servers = [localhost:9092]
	check.crcs = true
	client.dns.lookup = use_all_dns_ips
	client.id = connector-consumer-clickhouse-sink-connector-0
	client.rack = 
	connections.max.idle.ms = 540000
	default.api.timeout.ms = 60000
	enable.auto.commit = false
	enable.metrics.push = true
	exclude.internal.topics = true
	fetch.max.bytes = 52428800
	fetch.max.wait.ms = 500
	fetch.min.bytes = 1
	group.id = connect-clickhouse-sink-connector
	group.instance.id = null
	group.protocol = classic
	group.remote.assignor = null
	heartbeat.interval.ms = 3000
	interceptor.classes = []
	internal.leave.group.on.close = true
	internal.throw.on.fetch.stable.offset.unsupported = false
	isolation.level = read_uncommitted
	key.deserializer = class org.apache.kafka.common.serialization.ByteArrayDeserializer
	max.partition.fetch.bytes = 1048576
	max.poll.interval.ms = 300000
	max.poll.records = 500
	metadata.max.age.ms = 300000
	metadata.recovery.rebootstrap.trigger.ms = 300000
	metadata.recovery.strategy = rebootstrap
	metric.reporters = [org.apache.kafka.common.metrics.JmxReporter]
	metrics.num.samples = 2
	metrics.recording.level = INFO
	metrics.sample.window.ms = 30000
	partition.assignment.strategy = [class org.apache.kafka.clients.consumer.RangeAssignor, class org.apache.kafka.clients.consumer.CooperativeStickyAssignor]
	receive.buffer.bytes = 65536
	reconnect.backoff.max.ms = 1000
	reconnect.backoff.ms = 50
	request.timeout.ms = 30000
	retry.backoff.max.ms = 1000
	retry.backoff.ms = 100
	sasl.client.callback.handler.class = null
	sasl.jaas.config = null
	sasl.kerberos.kinit.cmd = /usr/bin/kinit
	sasl.kerberos.min.time.before.relogin = 60000
	sasl.kerberos.service.name = null
	sasl.kerberos.ticket.renew.jitter = 0.05
	sasl.kerberos.ticket.renew.window.factor = 0.8
	sasl.login.callback.handler.class = null
	sasl.login.class = null
	sasl.login.connect.timeout.ms = null
	sasl.login.read.timeout.ms = null
	sasl.login.refresh.buffer.seconds = 300
	sasl.login.refresh.min.period.seconds = 60
	sasl.login.refresh.window.factor = 0.8
	sasl.login.refresh.window.jitter = 0.05
	sasl.login.retry.backoff.max.ms = 10000
	sasl.login.retry.backoff.ms = 100
	sasl.mechanism = GSSAPI
	sasl.oauthbearer.assertion.algorithm = RS256
	sasl.oauthbearer.assertion.claim.aud = null
	sasl.oauthbearer.assertion.claim.exp.seconds = 300
	sasl.oauthbearer.assertion.claim.iss = null
	sasl.oauthbearer.assertion.claim.jti.include = false
	sasl.oauthbearer.assertion.claim.nbf.seconds = 60
	sasl.oauthbearer.assertion.claim.sub = null
	sasl.oauthbearer.assertion.file = null
	sasl.oauthbearer.assertion.private.key.file = null
	sasl.oauthbearer.assertion.private.key.passphrase = null
	sasl.oauthbearer.assertion.template.file = null
	sasl.oauthbearer.client.credentials.client.id = null
	sasl.oauthbearer.client.credentials.client.secret = null
	sasl.oauthbearer.clock.skew.seconds = 30
	sasl.oauthbearer.expected.audience = null
	sasl.oauthbearer.expected.issuer = null
	sasl.oauthbearer.header.urlencode = false
	sasl.oauthbearer.jwks.endpoint.refresh.ms = 3600000
	sasl.oauthbearer.jwks.endpoint.retry.backoff.max.ms = 10000
	sasl.oauthbearer.jwks.endpoint.retry.backoff.ms = 100
	sasl.oauthbearer.jwks.endpoint.url = null
	sasl.oauthbearer.jwt.retriever.class = class org.apache.kafka.common.security.oauthbearer.DefaultJwtRetriever
	sasl.oauthbearer.jwt.validator.class = class org.apache.kafka.common.security.oauthbearer.DefaultJwtValidator
	sasl.oauthbearer.scope = null
	sasl.oauthbearer.scope.claim.name = scope
	sasl.oauthbearer.sub.claim.name = sub
	sasl.oauthbearer.token.endpoint.url = null
	security.protocol = PLAINTEXT
	security.providers = null
	send.buffer.bytes = 131072
	session.timeout.ms = 45000
	share.acknowledgement.mode = implicit
	socket.connection.setup.timeout.max.ms = 30000
	socket.connection.setup.timeout.ms = 10000
	ssl.cipher.suites = null
	ssl.enabled.protocols = [TLSv1.2, TLSv1.3]
	ssl.endpoint.identification.algorithm = https
	ssl.engine.factory.class = null
	ssl.key.password = null
	ssl.keymanager.algorithm = SunX509
	ssl.keystore.certificate.chain = null
	ssl.keystore.key = null
	ssl.keystore.location = null
	ssl.keystore.password = null
	ssl.keystore.type = JKS
	ssl.protocol = TLSv1.3
	ssl.provider = null
	ssl.secure.random.implementation = null
	ssl.trustmanager.algorithm = PKIX
	ssl.truststore.certificates = null
	ssl.truststore.location = null
	ssl.truststore.password = null
	ssl.truststore.type = JKS
	value.deserializer = class org.apache.kafka.common.serialization.ByteArrayDeserializer
 (org.apache.kafka.common.config.AbstractConfig:380)
[2026-05-12 01:29:54,781] INFO [clickhouse-sink-connector|task-0] initializing Kafka metrics collector (org.apache.kafka.common.telemetry.internals.KafkaMetricsCollector:270)
[2026-05-12 01:29:54,790] INFO [clickhouse-sink-connector|task-0] These configurations '[metrics.context.connect.kafka.cluster.id]' were supplied but are not used yet. (org.apache.kafka.common.config.AbstractConfig:389)
[2026-05-12 01:29:54,790] INFO [clickhouse-sink-connector|task-0] Kafka version: 4.1.1 (org.apache.kafka.common.utils.AppInfoParser:125)
[2026-05-12 01:29:54,790] INFO [clickhouse-sink-connector|task-0] Kafka commitId: be816b82d25370ce (org.apache.kafka.common.utils.AppInfoParser:126)
[2026-05-12 01:29:54,790] INFO [clickhouse-sink-connector|task-0] Kafka startTimeMs: 1778529594790 (org.apache.kafka.common.utils.AppInfoParser:127)
[2026-05-12 01:29:54,792] INFO [clickhouse-sink-connector|task-0] [Consumer clientId=connector-consumer-clickhouse-sink-connector-0, groupId=connect-clickhouse-sink-connector] Subscribed to topic(s): router-metrics (org.apache.kafka.clients.consumer.internals.ClassicKafkaConsumer:504)
[2026-05-12 01:29:54,793] INFO [clickhouse-sink-connector|task-0] Start SinkTask:  (com.clickhouse.kafka.connect.sink.ClickHouseSinkTask:32)
[2026-05-12 01:29:54,793] INFO [clickhouse-sink-connector|task-0] Errant record reporter not configured. (com.clickhouse.kafka.connect.sink.ClickHouseSinkTask:97)
[2026-05-12 01:29:54,794] INFO [clickhouse-sink-connector|task-0] Enable ExactlyOnce? false (com.clickhouse.kafka.connect.sink.ProxySinkTask:46)
[2026-05-12 01:29:54,794] INFO [clickhouse-sink-connector|task-0] Register MBean [com.clickhouse:type=ClickHouseKafkaConnector,name=SinkTask8,version=v1.3.5] (com.clickhouse.kafka.connect.sink.ProxySinkTask:52)
[2026-05-12 01:29:54,794] INFO 127.0.0.1 - - [11/May/2026:19:59:54 +0000] "POST /connectors HTTP/1.1" 201 473 "" "curl/8.7.1" 68 (org.apache.kafka.connect.runtime.rest.RestServer:57)
[2026-05-12 01:29:54,794] INFO [clickhouse-sink-connector|task-0] ClickHouse URL: http://localhost:8123/default? (com.clickhouse.kafka.connect.sink.db.helper.ClickHouseHelperClient:147)
[2026-05-12 01:29:54,816] INFO [clickhouse-sink-connector|task-0] ClickHouse URL: http://localhost:8123/default? (com.clickhouse.kafka.connect.sink.db.helper.ClickHouseHelperClient:117)
[2026-05-12 01:29:54,882] INFO [clickhouse-sink-connector|task-0] Ping was successful. (com.clickhouse.kafka.connect.sink.db.helper.ClickHouseHelperClient:182)
[2026-05-12 01:29:54,897] INFO [clickhouse-sink-connector|task-0] Connected to ClickHouse version: 25.9.1.1827 (com.clickhouse.kafka.connect.sink.db.ClickHouseWriter:122)
[2026-05-12 01:29:55,059] INFO [clickhouse-sink-connector|task-0] WorkerSinkTask{id=clickhouse-sink-connector-0} Sink task finished initialization and start (org.apache.kafka.connect.runtime.WorkerSinkTask:340)
[2026-05-12 01:29:55,059] INFO [clickhouse-sink-connector|task-0] WorkerSinkTask{id=clickhouse-sink-connector-0} Executing sink task (org.apache.kafka.connect.runtime.WorkerSinkTask:221)
[2026-05-12 01:29:55,083] INFO [clickhouse-sink-connector|task-0] [Consumer clientId=connector-consumer-clickhouse-sink-connector-0, groupId=connect-clickhouse-sink-connector] Cluster ID: 7zqQl3RwTam55Uu5EZOblw (org.apache.kafka.clients.Metadata:365)
[2026-05-12 01:29:55,090] INFO [clickhouse-sink-connector|task-0] [Consumer clientId=connector-consumer-clickhouse-sink-connector-0, groupId=connect-clickhouse-sink-connector] Discovered group coordinator localhost:9092 (id: 2147483646 rack: null isFenced: false) (org.apache.kafka.clients.consumer.internals.ConsumerCoordinator:943)
[2026-05-12 01:29:55,092] INFO [clickhouse-sink-connector|task-0] [Consumer clientId=connector-consumer-clickhouse-sink-connector-0, groupId=connect-clickhouse-sink-connector] (Re-)joining group (org.apache.kafka.clients.consumer.internals.ConsumerCoordinator:611)
[2026-05-12 01:29:55,110] INFO [clickhouse-sink-connector|task-0] [Consumer clientId=connector-consumer-clickhouse-sink-connector-0, groupId=connect-clickhouse-sink-connector] Request joining group due to: need to re-join with the given member-id: connector-consumer-clickhouse-sink-connector-0-62cd7765-8980-49e3-b4f0-81174fc121da (org.apache.kafka.clients.consumer.internals.ConsumerCoordinator:1109)
[2026-05-12 01:29:55,110] INFO [clickhouse-sink-connector|task-0] [Consumer clientId=connector-consumer-clickhouse-sink-connector-0, groupId=connect-clickhouse-sink-connector] (Re-)joining group (org.apache.kafka.clients.consumer.internals.ConsumerCoordinator:611)
[2026-05-12 01:29:58,136] INFO [clickhouse-sink-connector|task-0] [Consumer clientId=connector-consumer-clickhouse-sink-connector-0, groupId=connect-clickhouse-sink-connector] Successfully joined group with generation Generation{generationId=9, memberId='connector-consumer-clickhouse-sink-connector-0-62cd7765-8980-49e3-b4f0-81174fc121da', protocol='range'} (org.apache.kafka.clients.consumer.internals.ConsumerCoordinator:672)
[2026-05-12 01:29:58,138] INFO [clickhouse-sink-connector|task-0] [Consumer clientId=connector-consumer-clickhouse-sink-connector-0, groupId=connect-clickhouse-sink-connector] Finished assignment for group at generation 9: {connector-consumer-clickhouse-sink-connector-0-62cd7765-8980-49e3-b4f0-81174fc121da=Assignment(partitions=[router-metrics-0])} (org.apache.kafka.clients.consumer.internals.ConsumerCoordinator:703)
[2026-05-12 01:29:58,174] INFO [clickhouse-sink-connector|task-0] [Consumer clientId=connector-consumer-clickhouse-sink-connector-0, groupId=connect-clickhouse-sink-connector] Successfully synced group in generation Generation{generationId=9, memberId='connector-consumer-clickhouse-sink-connector-0-62cd7765-8980-49e3-b4f0-81174fc121da', protocol='range'} (org.apache.kafka.clients.consumer.internals.ConsumerCoordinator:849)
[2026-05-12 01:29:58,175] INFO [clickhouse-sink-connector|task-0] [Consumer clientId=connector-consumer-clickhouse-sink-connector-0, groupId=connect-clickhouse-sink-connector] Notifying assignor about the new Assignment(partitions=[router-metrics-0]) (org.apache.kafka.clients.consumer.internals.ConsumerCoordinator:363)
[2026-05-12 01:29:58,177] INFO [clickhouse-sink-connector|task-0] [Consumer clientId=connector-consumer-clickhouse-sink-connector-0, groupId=connect-clickhouse-sink-connector] Adding newly assigned partitions: [router-metrics-0] (org.apache.kafka.clients.consumer.internals.ConsumerRebalanceListenerInvoker:57)
[2026-05-12 01:29:58,183] INFO [clickhouse-sink-connector|task-0] [Consumer clientId=connector-consumer-clickhouse-sink-connector-0, groupId=connect-clickhouse-sink-connector] Found no committed offset for partition router-metrics-0 (org.apache.kafka.clients.consumer.internals.ConsumerCoordinator:1573)
[2026-05-12 01:29:58,197] INFO [clickhouse-sink-connector|task-0] [Consumer clientId=connector-consumer-clickhouse-sink-connector-0, groupId=connect-clickhouse-sink-connector] Resetting offset for partition router-metrics-0 to position FetchPosition{offset=0, offsetEpoch=Optional.empty, currentLeader=LeaderAndEpoch{leader=Optional[localhost:9092 (id: 1 rack: null isFenced: false)], epoch=536}}. (org.apache.kafka.clients.consumer.internals.SubscriptionState:457)
[2026-05-12 01:30:01,511] INFO 127.0.0.1 - - [11/May/2026:20:00:01 +0000] "GET /connectors/clickhouse-sink-connector/status HTTP/1.1" 200 214 "" "curl/8.7.1" 16 (org.apache.kafka.connect.runtime.rest.RestServer:57)
[2026-05-12 01:45:43,005] INFO Kafka Connect stopping (org.apache.kafka.connect.runtime.Connect:87)
[2026-05-12 01:45:43,005] INFO Stopped oejs.Server@cd7f1ae{STOPPING}[12.0.22,sto=60000] (org.eclipse.jetty.server.Server:652)
[2026-05-12 01:45:43,014] INFO Stopping REST server (org.apache.kafka.connect.runtime.rest.RestServer:364)
[2026-05-12 01:45:43,024] INFO Shutdown oejs.Server@cd7f1ae{STOPPING}[12.0.22,sto=60000] (org.eclipse.jetty.server.Server:141)
[2026-05-12 01:45:43,080] INFO Stopped http_localhost8084@6fa2b20e{HTTP/1.1, (http/1.1)}{localhost:8084} (org.eclipse.jetty.server.AbstractConnector:381)
[2026-05-12 01:45:43,139] INFO Stopped oeje10s.ServletContextHandler@4e2916c3{ROOT,/,b=null,a=AVAILABLE,h=oeje10s.SessionHandler@64aad6db{STOPPED}} (org.eclipse.jetty.ee10.servlet.ServletContextHandler:1117)
[2026-05-12 01:45:43,139] INFO REST server stopped (org.apache.kafka.connect.runtime.rest.RestServer:393)
[2026-05-12 01:45:43,140] INFO Herder stopping (org.apache.kafka.connect.runtime.standalone.StandaloneHerder:118)
[2026-05-12 01:45:43,143] INFO [clickhouse-sink-connector|task-0] Stopping task clickhouse-sink-connector-0 (org.apache.kafka.connect.runtime.Worker:1078)
[2026-05-12 01:45:43,145] INFO [clickhouse-sink-connector|task-0] Unregister MBean [com.clickhouse:type=ClickHouseKafkaConnector,name=SinkTask8,version=v1.3.5] (com.clickhouse.kafka.connect.sink.ProxySinkTask:58)
[2026-05-12 01:45:43,149] INFO [clickhouse-sink-connector|task-0] [Consumer clientId=connector-consumer-clickhouse-sink-connector-0, groupId=connect-clickhouse-sink-connector] Revoke previously assigned partitions [router-metrics-0] (org.apache.kafka.clients.consumer.internals.ConsumerRebalanceListenerInvoker:83)
[2026-05-12 01:45:43,150] INFO [clickhouse-sink-connector|task-0] [Consumer clientId=connector-consumer-clickhouse-sink-connector-0, groupId=connect-clickhouse-sink-connector] Member connector-consumer-clickhouse-sink-connector-0-62cd7765-8980-49e3-b4f0-81174fc121da sending LeaveGroup request to coordinator localhost:9092 (id: 2147483646 rack: null isFenced: false) due to the consumer is being closed (org.apache.kafka.clients.consumer.internals.ConsumerCoordinator:1174)
[2026-05-12 01:45:43,151] INFO [clickhouse-sink-connector|task-0] [Consumer clientId=connector-consumer-clickhouse-sink-connector-0, groupId=connect-clickhouse-sink-connector] Resetting generation and member id due to: consumer pro-actively leaving the group (org.apache.kafka.clients.consumer.internals.ConsumerCoordinator:1062)
[2026-05-12 01:45:43,151] INFO [clickhouse-sink-connector|task-0] [Consumer clientId=connector-consumer-clickhouse-sink-connector-0, groupId=connect-clickhouse-sink-connector] Request joining group due to: consumer pro-actively leaving the group (org.apache.kafka.clients.consumer.internals.ConsumerCoordinator:1109)
[2026-05-12 01:45:43,494] INFO [clickhouse-sink-connector|task-0] Metrics scheduler closed (org.apache.kafka.common.metrics.Metrics:684)
[2026-05-12 01:45:43,494] INFO [clickhouse-sink-connector|task-0] Closing reporter org.apache.kafka.common.metrics.JmxReporter (org.apache.kafka.common.metrics.Metrics:688)
[2026-05-12 01:45:43,495] INFO [clickhouse-sink-connector|task-0] Closing reporter org.apache.kafka.common.telemetry.internals.ClientTelemetryReporter (org.apache.kafka.common.metrics.Metrics:688)
[2026-05-12 01:45:43,495] INFO [clickhouse-sink-connector|task-0] Metrics reporters closed (org.apache.kafka.common.metrics.Metrics:694)
[2026-05-12 01:45:43,501] INFO [clickhouse-sink-connector|task-0] App info kafka.consumer for connector-consumer-clickhouse-sink-connector-0 unregistered (org.apache.kafka.common.utils.AppInfoParser:89)
[2026-05-12 01:45:43,505] INFO [clickhouse-sink-connector|worker] Stopping connector clickhouse-sink-connector (org.apache.kafka.connect.runtime.Worker:467)
[2026-05-12 01:45:43,505] INFO [clickhouse-sink-connector|worker] Scheduled shutdown for WorkerConnector{id=clickhouse-sink-connector} (org.apache.kafka.connect.runtime.WorkerConnector:298)
[2026-05-12 01:45:43,505] INFO [clickhouse-sink-connector|worker] stop SinkConnect (com.clickhouse.kafka.connect.ClickHouseSinkConnector:76)
[2026-05-12 01:45:43,505] INFO [clickhouse-sink-connector|worker] Completed shutdown for WorkerConnector{id=clickhouse-sink-connector} (org.apache.kafka.connect.runtime.WorkerConnector:318)
[2026-05-12 01:45:43,506] INFO Worker stopping (org.apache.kafka.connect.runtime.Worker:253)
[2026-05-12 01:45:43,508] INFO Stopped FileOffsetBackingStore (org.apache.kafka.connect.storage.FileOffsetBackingStore:72)
[2026-05-12 01:45:43,508] INFO Metrics scheduler closed (org.apache.kafka.common.metrics.Metrics:684)
[2026-05-12 01:45:43,508] INFO Closing reporter org.apache.kafka.common.metrics.JmxReporter (org.apache.kafka.common.metrics.Metrics:688)
[2026-05-12 01:45:43,508] INFO Metrics reporters closed (org.apache.kafka.common.metrics.Metrics:694)
[2026-05-12 01:45:43,508] INFO App info kafka.connect for localhost:8084 unregistered (org.apache.kafka.common.utils.AppInfoParser:89)
[2026-05-12 01:45:43,508] INFO Worker stopped (org.apache.kafka.connect.runtime.Worker:274)
[2026-05-12 01:45:43,510] INFO Herder stopped (org.apache.kafka.connect.runtime.standalone.StandaloneHerder:129)
[2026-05-12 01:45:43,510] INFO Kafka Connect stopped (org.apache.kafka.connect.runtime.Connect:92)
